"name : Название";"vendor : Производитель";"supplier : Поставщик";"image : Иллюстрация";"pre_order : Предзаказ";"article : Артикул";"code_1c : 1C";"folder : Категория";"tags : Теги";"hidden : Скрыто";"kind_id : ID";"is_kind : Модификация";"discounted : Товар уже со скидкой";"note : Анонс товара";"body : Описание";"amount : Количество";"amount_min : Мин. кол-во";"amount_multiplicity : Кратность";"unit : Единица измерения";"weight : Вес";"weight_unit : Единица веса";"dimensions : Габариты";"new : Новинка";"special : Спецпредложение";"yml : Yandex.Market";"price : Цена";"price_old : Старая цена";"price2 : Цена 2";"price3 : Цена 3";"currency : Валюта";"seo_noindex : Индексация";"seo_h1 : Заголовок (H1)";"seo_title : Title";"seo_description : Description";"seo_keywords : Keywords";"sef_url : ЧПУ";"accessory : Аксессуары";"similar : Похожие";"kit : Комплект";"recommend : Рекомендуемые";"tax_payment_subject : Признак предмета платежа";"tax_system_code : Система налогообложения";"tax : Налог";"bonus_value : Начисляемые за покупку бонусы";"uuid : UUID Товара";"uuid_mod : UUID Модификации";"cf_timer_block : Таймер акция";"cf_cml_ves_3809083606 : Вес";"cf_cml_tipnomenklatury_227884271 : ТипНоменклатуры";"cf_cml_vidnomenklatury_3494576303 : ВидНоменклатуры";"cf_cml_polnoe_naimenovanie_28981631 : Полное наименование";"cf_cml_opisaniefajla_3828180039 : ОписаниеФайла";"cf_cvet_725 : Цвет";"cf_cvet_71 : Цвета в наличии";"cf_osnovnoj_razmer_793 : Основной размер";"cf_forma : Форма";"cf_tip_materiala : Тип материала";"cf_oblast_primenenia : Область применения";"cf_strana : Страна";"cf_tematika : Тематика";"cf_poverhnost_ : Поверхность";"cf_tolsina : Толщина";"cf_dostavka : Доставка""40x120 Zig Larchwood ipe rect Плитка Керамическая";Baldocer;Испания;"https://apextile.ru/d/cml_b42f9cd7_07ef6a23.jpeg, https://apextile.ru/d/larchwood.jpg, https://apextile.ru/d/larchwood40x120_zig_larchwood_ipe_8433019226918_05.jpg, https://apextile.ru/d/larchwood40x120_zig_larchwood_ipe_8433019226918_04.jpg, https://apextile.ru/d/larchwood40x120_zig_larchwood_ipe_8433019226918_03.jpg, https://apextile.ru/d/larchwood40x120_zig_larchwood_ipe_8433019226918_02.jpg";0;;УТ000000610;"Baldocer,Испания,Размеры,Каталог,Страна,Lachwood,Larchwood,40x120";;0;630414109;;0;"Фабрика:	Baldocer
Коллекция: Larchwood
Название: Zig Larchwood Ipe
Размер- 40x120 см
Страна производитель: Испания
Применение: стены
Поверхность: матовая, рельефная
В коробке	1.44 м / 3 шт / 28 кг
Материал: керамогранит 
Ректифицированная- да";;212.40;0;0;м2;19.44;kg;"0,0,0";0;0;0;5280.00;0.00;0.00;0.00;RUB;0;;;;;magazin/product/630414109;16410509;92054309;;;;;"0,,0";0.00;52d2c821-3535-11ef-81cd-74563ca8c264;52d2c821-3535-11ef-81cd-74563ca8c264;;19.44;Товар;Керамогранит;"40x120 Zig Larchwood ipe rect Плитка Керамическая";;;;;;;;;;;;"40x120 Larchwood ipe rect Плитка Керамическая";Baldocer;Испания;"https://apextile.ru/d/cml_3a05d34f_275192df.jpeg, https://apextile.ru/d/larchwood.jpg, https://apextile.ru/d/larchwood40x120_larchwood_ipe_8433019226871_04.jpg, https://apextile.ru/d/larchwood40x120_larchwood_ipe_8433019226871_03.jpg, https://apextile.ru/d/larchwood40x120_larchwood_ipe_8433019226871_02.jpg";0;;УТ000000612;"Baldocer,Испания,Размеры,Каталог,Страна,Lachwood,Larchwood,40x120";;0;630414309;;0;"Фабрика:	Baldocer
Коллекция: Larchwood
Название: Larchwood Ipe
Размер- 40x120 см
Страна производитель: Испания
Применение: стены
Поверхность: матовая, рельефная
В коробке	1.44 м / 3 шт / 28 кг
Материал: керамогранит 
Ректифицированная- да";;225.36;0;0;м2;19.44;kg;"0,0,0";0;0;0;5050.00;0.00;0.00;0.00;RUB;0;;;;;magazin/product/630414309;16410509;92054309;;;;;"0,,0";0.00;52d2c824-3535-11ef-81cd-74563ca8c264;52d2c824-3535-11ef-81cd-74563ca8c264;;19.44;Товар;Керамогранит;"40x120 Larchwood ipe rect Плитка Керамическая";;;;;;;;;;;;"60x120 Bayona Grey Natural Гранит Керамический";Baldocer;Испания;"https://apextile.ru/d/cml_5fab3efd_799a892b.jpeg, https://apextile.ru/d/bayona_549144.jpg, https://apextile.ru/d/bayona60x120_bayona_grey_natural_8433019173038_16.jpg, https://apextile.ru/d/bayona60x120_bayona_grey_natural_8433019173038_15.jpg, https://apextile.ru/d/bayona60x120_bayona_grey_natural_8433019173038_14.jpg, https://apextile.ru/d/bayona60x120_bayona_grey_natural_8433019173038_13.jpg, https://apextile.ru/d/bayona60x120_bayona_grey_natural_8433019173038_12.jpg, https://apextile.ru/d/bayona60x120_bayona_grey_natural_8433019173038_11.jpg, https://apextile.ru/d/bayona60x120_bayona_grey_natural_8433019173038_10.jpg, https://apextile.ru/d/bayona60x120_bayona_grey_natural_8433019173038_9.jpg, https://apextile.ru/d/bayona60x120_bayona_grey_natural_8433019173038_8.jpg, https://apextile.ru/d/bayona60x120_bayona_grey_natural_8433019173038_7.jpg, https://apextile.ru/d/bayona60x120_bayona_grey_natural_8433019173038_6.jpg, https://apextile.ru/d/bayona60x120_bayona_grey_natural_8433019173038_5.jpg, https://apextile.ru/d/bayona60x120_bayona_grey_natural_8433019173038_4.jpg, https://apextile.ru/d/bayona60x120_bayona_grey_natural_8433019173038_3.jpg, https://apextile.ru/d/bayona60x120_bayona_grey_natural_8433019173038_2.jpg";0;;УТ000000614;"Baldocer,Страна,Каталог,Bayona,Bayona,Испания";;0;630414509;;0;"Фабрика: Baldocer
Коллекция: Bayona
Название: Bayona Ivory Natural
Размер	60x120 см, толщина 9 мм
Страна производитель: Испания
Применение: пол, стены
Поверхность: матовая
В коробке- 1.44 м / 2 шт / 29,8 кг
Материал	керамогранит
Ректифицированная: да";;216.72;0;0;м2;20.14;kg;"0,0,0";0;0;0;5280.00;0.00;0.00;0.00;RUB;0;"Керамогранит Baldocer Bayona Grey";"Купить керамогранит Baldocer Bayona Grey в Москве";"Продажа испанского керамогранита Baldocer Bayona Grey оптом в Москве";"испанский керамогранит, baldocer, Bayona Grey, оптом в москве";magazin/product/630414509;;92053709;;;;;"0,,0";0.00;52d2c827-3535-11ef-81cd-74563ca8c264;52d2c827-3535-11ef-81cd-74563ca8c264;;20.14;Товар;Керамогранит;"60x120 Bayona Grey Natural Гранит Керамический";;;;;;;;;;;;"60x120 Bayona ivory natural Гранит Керамический";Baldocer;Испания;"https://apextile.ru/d/cml_8f42835e_af0a95ee.jpeg, https://apextile.ru/d/bayona_601088.jpg, https://apextile.ru/d/bayona60x120_bayona_ivory_natural_8433019173045_16.jpg, https://apextile.ru/d/bayona60x120_bayona_ivory_natural_8433019173045_15.jpg, https://apextile.ru/d/bayona60x120_bayona_ivory_natural_8433019173045_14.jpg, https://apextile.ru/d/bayona60x120_bayona_ivory_natural_8433019173045_13.jpg, https://apextile.ru/d/bayona60x120_bayona_ivory_natural_8433019173045_12.jpg, https://apextile.ru/d/bayona60x120_bayona_ivory_natural_8433019173045_11.jpg, https://apextile.ru/d/bayona60x120_bayona_ivory_natural_8433019173045_10.jpg, https://apextile.ru/d/bayona60x120_bayona_ivory_natural_8433019173045_9.jpg, https://apextile.ru/d/bayona60x120_bayona_ivory_natural_8433019173045_8.jpg, https://apextile.ru/d/bayona60x120_bayona_ivory_natural_8433019173045_7.jpg, https://apextile.ru/d/bayona60x120_bayona_ivory_natural_8433019173045_6.jpg, https://apextile.ru/d/bayona60x120_bayona_ivory_natural_8433019173045_5.jpg, https://apextile.ru/d/bayona60x120_bayona_ivory_natural_8433019173045_4.jpg, https://apextile.ru/d/bayona60x120_bayona_ivory_natural_8433019173045_3.jpg, https://apextile.ru/d/bayona60x120_bayona_ivory_natural_8433019173045_2.jpg";0;;УТ000000615;"Страна,Каталог,Bayona,Bayona,Испания,Baldocer";;0;630414709;;0;"Фабрика: Baldocer
Коллекция: Bayona
Название: Bayona Ivory Natural
Размер	60x120 см, толщина 9 мм
Страна производитель: Испания
Применение: пол, стены
Поверхность: матовая
В коробке- 1.44 м / 2 шт / 29,8 кг
Материал: керамогранит
Ректифицированная: да";;115.20;0;0;м2;20.14;kg;"0,0,0";0;0;0;5280.00;0.00;0.00;0.00;RUB;0;"Керамогранит Baldocer Bayona ivory";"Купить керамогранит Baldocer Bayona ivory в Москве";"Продажа испанского керамогранита Baldocer Bayona ivory оптом в Москве";"испанский керамогранит, baldocer, Bayona ivory, оптом в москве";magazin/product/630414709;;92053709;;;;;"0,,0";0.00;52d2c829-3535-11ef-81cd-74563ca8c264;52d2c829-3535-11ef-81cd-74563ca8c264;;20.14;Товар;Керамогранит;"60x120 Bayona ivory natural Гранит Керамический";;;;;;;;;;;;"60x120 Bayona Silver Natural Гранит Керамический";Baldocer;Испания;"https://apextile.ru/d/bayona60x120_bayona_silver_natural_8433019173069_16.jpg, https://apextile.ru/d/bayona.jpg, https://apextile.ru/d/bayona60x120_bayona_silver_natural_8433019173069_15.jpg, https://apextile.ru/d/bayona60x120_bayona_silver_natural_8433019173069_14.jpg, https://apextile.ru/d/bayona60x120_bayona_silver_natural_8433019173069_13.jpg, https://apextile.ru/d/bayona60x120_bayona_silver_natural_8433019173069_12.jpg, https://apextile.ru/d/bayona60x120_bayona_silver_natural_8433019173069_11.jpg, https://apextile.ru/d/bayona60x120_bayona_silver_natural_8433019173069_10.jpg, https://apextile.ru/d/bayona60x120_bayona_silver_natural_8433019173069_9.jpg, https://apextile.ru/d/bayona60x120_bayona_silver_natural_8433019173069_8.jpg, https://apextile.ru/d/bayona60x120_bayona_silver_natural_8433019173069_7.jpg, https://apextile.ru/d/bayona60x120_bayona_silver_natural_8433019173069_6.jpg, https://apextile.ru/d/bayona60x120_bayona_silver_natural_8433019173069_5.jpg, https://apextile.ru/d/bayona60x120_bayona_silver_natural_8433019173069_4.jpg, https://apextile.ru/d/bayona60x120_bayona_silver_natural_8433019173069_3.jpg, https://apextile.ru/d/bayona60x120_bayona_silver_natural_8433019173069_2.jpg";0;;УТ000000616;"Bayona,Bayona,Испания,Baldocer,Страна,Каталог";;0;630414909;;0;"Фабрика: Baldocer
Коллекция: Bayona
Название: Bayona Silver Natural
Размер: 60x120 см, толщина 9 мм
Страна производитель: Испания
Применение: пол, стены
Поверхность: матовая
В коробке	1.44 м / 2 шт / 29,8 кг
Материал	керамогранит
Ректифицированная: да";;171.36;0;0;м2;20.14;kg;"0,0,0";0;0;0;5280.00;0.00;0.00;0.00;RUB;0;"Керамогранит Baldocer Bayona Silver";"Купить керамогранит Baldocer Bayona Silver в Москве";"Продажа испанского керамогранита Baldocer Bayona Silver оптом в Москве";"испанский керамогранит, baldocer, Bayona Silver, оптом в москве";magazin/product/630414909;;92053709;;;;;"0,,0";0.00;52d2c82b-3535-11ef-81cd-74563ca8c264;52d2c82b-3535-11ef-81cd-74563ca8c264;;20.14;Товар;Керамогранит;"60x120 Bayona Silver Natural Гранит Керамический";;;;;;;;;;;;"60x120 Slate white rect Гранит Керамический";Baldocer;Испания;"https://apextile.ru/d/cml_66587919_9f29d313.jpeg, https://apextile.ru/d/slate60x120_slate_white_8433019264910_02.jpg, https://apextile.ru/d/slate60x120_slate_white_8433019264910_03.jpg, https://apextile.ru/d/slate60x120_slate_white_8433019264910_12.jpg, https://apextile.ru/d/slate60x120_slate_white_8433019264910_11.jpg, https://apextile.ru/d/slate60x120_slate_white_8433019264910_10.jpg, https://apextile.ru/d/slate60x120_slate_white_8433019264910_09.jpg, https://apextile.ru/d/slate60x120_slate_white_8433019264910_08.jpg, https://apextile.ru/d/slate60x120_slate_white_8433019264910_07.jpg, https://apextile.ru/d/slate60x120_slate_white_8433019264910_06.jpg, https://apextile.ru/d/slate60x120_slate_white_8433019264910_05.jpg, https://apextile.ru/d/slate60x120_slate_white_8433019264910_04.jpg";0;;УТ000000618;"Slate White,60x120,Baldocer,Испания,Размеры,Каталог,Страна,Slate";;0;630415109;;0;"Фабрика:	Baldocer
Коллекция:	Slate
Название:Slate White Rect
Размер	60x120 см
Страна производитель- Испания
Применение:	пол, стены
Поверхность:	матовая
В коробке:	1.44 м / 2 шт / 29 кг
Материал	керамогранит
Ректифицированная	да";;187.20;0;0;м2;20.14;kg;"0,0,0";0;0;0;5280.00;0.00;0.00;0.00;RUB;0;"Керамогранит Baldocer Slate white";"Купить керамогранит Baldocer Slate white в Москве";"Продажа испанского керамогранита Baldocer Slate white оптом в Москве";"испанский керамогранит, baldocer, Slate white, оптом в москве";magazin/product/630415109;16411109;;;;;;"0,,0";0.00;52d2c82e-3535-11ef-81cd-74563ca8c264;52d2c82e-3535-11ef-81cd-74563ca8c264;;20.14;Товар;Керамогранит;"60x120 Slate white rect Гранит Керамический";;;;;;;;;;;;"60x120 Manaos Green Pulido Гранит Керамический";Baldocer;Испания;https://apextile.ru/d/cml_cd04f22e_886f3a33.jpeg;0;;УТ000000620;"Испания,Baldocer,Страна,Каталог,Manaos,Manaos";;0;630415309;;0;;;88.56;0;0;м2;20.14;kg;"0,0,0";0;0;0;7590.00;0.00;0.00;0.00;RUB;0;"Керамогранит Baldocer Manaos Green";"Купить керамогранит Baldocer Manaos Green в Москве";"Продажа испанского керамогранита Baldocer Manaos Green оптом в Москве";"испанский керамогранит, baldocer, Manaos Green, оптом в москве";magazin/product/630415309;16410709;;;;;;"0,,0";0.00;52d2c831-3535-11ef-81cd-74563ca8c264;52d2c831-3535-11ef-81cd-74563ca8c264;;20.14;Товар;Керамогранит;"60x120 Manaos Green Pulido Гранит Керамический";;;;;;;;;;;;"60x120 Lemurian Pulido rect Гранит Керамический";Baldocer;Испания;"https://apextile.ru/d/cml_2a35db87_e1d560a3.jpeg, https://apextile.ru/d/lemurian.jpg, https://apextile.ru/d/lemurian60x120_lemurian_pulido_8433019263463_16.jpg, https://apextile.ru/d/lemurian60x120_lemurian_pulido_8433019263463_15.jpg, https://apextile.ru/d/lemurian60x120_lemurian_pulido_8433019263463_14.jpg, https://apextile.ru/d/lemurian60x120_lemurian_pulido_8433019263463_13.jpg, https://apextile.ru/d/lemurian60x120_lemurian_pulido_8433019263463_12.jpg, https://apextile.ru/d/lemurian60x120_lemurian_pulido_8433019263463_11.jpg, https://apextile.ru/d/lemurian60x120_lemurian_pulido_8433019263463_10.jpg, https://apextile.ru/d/lemurian60x120_lemurian_pulido_8433019263463_9.jpg, https://apextile.ru/d/lemurian60x120_lemurian_pulido_8433019263463_8.jpg, https://apextile.ru/d/lemurian60x120_lemurian_pulido_8433019263463_7.jpg, https://apextile.ru/d/lemurian60x120_lemurian_pulido_8433019263463_6.jpg, https://apextile.ru/d/lemurian60x120_lemurian_pulido_8433019263463_5.jpg, https://apextile.ru/d/lemurian60x120_lemurian_pulido_8433019263463_4.jpg, https://apextile.ru/d/lemurian60x120_lemurian_pulido_8433019263463_3.jpg, https://apextile.ru/d/lemurian60x120_lemurian_pulido_8433019263463_2.jpg";0;;УТ000000622;"Baldocer,Страна,Каталог,Lemurian,Lemurian,Испания";;0;630415509;;0;"Фабрика: Baldocer
Коллекция: Lemurian
Название: Lemurian Pulido
Размер	60x120 см, толщина 9 мм
Страна производитель- Испания
Применение- пол, стены
Поверхность-полированная
В коробке	1.44 м / 2 шт / ~29.8 кг
Материал	керамогранит
Ректифицированная- да";;68.40;0;0;м2;20.14;kg;"0,0,0";0;0;0;7590.00;0.00;0.00;0.00;RUB;0;"Керамогранит Baldocer Lemurian";"Купить керамогранит Baldocer Lemurian  в Москве";"Продажа испанского керамогранита Baldocer Lemurian оптом в Москве";"испанский керамогранит, baldocer, Lemurian , оптом в москве";magazin/product/630415509;16410909;;;;;;"0,,0";0.00;52d2c834-3535-11ef-81cd-74563ca8c264;52d2c834-3535-11ef-81cd-74563ca8c264;;20.14;Товар;Керамогранит;"60x120 Lemurian Pulido rect Гранит Керамический";;;;;;;;;;;;"120x260 Dome nut Гранит Керамический";Baldocer;Испания;https://apextile.ru/d/cml_9f743b5a_74bd0671.jpeg;0;;УТ000000623;"Испания,Размеры,DOME,Плитка Испания,Страна, B-PLUS,Крупноформатный керамогранит,120x260,BALDOCER";;0;630415709;;0;;;65.52;0;0;м2;14.58;kg;"0,0,0";0;0;0;8360.00;0.00;0.00;0.00;RUB;0;;;;;magazin/product/630415709;12914509;;;;;;"0,,0";0.00;52d2c836-3535-11ef-81cd-74563ca8c264;52d2c836-3535-11ef-81cd-74563ca8c264;;14.58;Товар;Керамогранит;"120x260 Dome nut Гранит Керамический";;;;;;;;;;;;"60 x120 Dome ash rect Гранит Керамический";Baldocer;Испания;"https://apextile.ru/d/cml_ebf01e3c_5d4e9545.jpeg, https://apextile.ru/d/dome60x120_dome_ash_8433019264934_16.jpg, https://apextile.ru/d/dome60x120_dome_ash_8433019264934_15.jpg, https://apextile.ru/d/dome60x120_dome_ash_8433019264934_14.jpg, https://apextile.ru/d/dome60x120_dome_ash_8433019264934_13.jpg, https://apextile.ru/d/dome60x120_dome_ash_8433019264934_12.jpg, https://apextile.ru/d/dome60x120_dome_ash_8433019264934_11.jpg, https://apextile.ru/d/dome60x120_dome_ash_8433019264934_10.jpg, https://apextile.ru/d/dome60x120_dome_ash_8433019264934_09.jpg, https://apextile.ru/d/dome60x120_dome_ash_8433019264934_08.jpg, https://apextile.ru/d/dome60x120_dome_ash_8433019264934_07.jpg, https://apextile.ru/d/dome60x120_dome_ash_8433019264934_06.jpg, https://apextile.ru/d/dome60x120_dome_ash_8433019264934_05.jpg, https://apextile.ru/d/dome60x120_dome_ash_8433019264934_04.jpg, https://apextile.ru/d/dome60x120_dome_ash_8433019264934_03.jpg, https://apextile.ru/d/dome60x120_dome_ash_8433019264934_02.jpg";0;;УТ000000624;"Dome,DOME,60x120,Baldocer,Испания,Размеры,Каталог,Страна";;0;630415909;;0;"Фабрика: Baldocer
Коллекция:	Dome
Название: Dome Ash Rect
Размер	60x120 см
Страна производитель: Испания
Применение: пол, стены
Поверхность: матовая
В коробке	1.44 м / 2 шт / ~29.8 кг
Материал- керамогранит
Ректифицированная- да";;40.32;0;0;м2;20.14;kg;"0,0,0";0;0;0;5280.00;0.00;0.00;0.00;RUB;0;"Керамогранит Baldocer Dome ash";"Купить керамогранит Baldocer Dome ash в Москве";"Продажа испанского керамогранита Baldocer Dome ash оптом в Москве";"испанский керамогранит, baldocer, Dome ash, оптом в москве";magazin/product/630415909;12914509;92053309;;;;;"0,,0";0.00;52d2c838-3535-11ef-81cd-74563ca8c264;52d2c838-3535-11ef-81cd-74563ca8c264;;20.14;Товар;Керамогранит;"60 x120 Dome ash rect Гранит Керамический";;;;;;;;;;;;"60x120 Dome nut rect Гранит Керамический";Baldocer;Испания;"https://apextile.ru/d/cml_64d2f577_87446e3e.jpeg, https://apextile.ru/d/dome.jpg, https://apextile.ru/d/dome60x120_dome_nut_8433019264958_16.jpg, https://apextile.ru/d/dome60x120_dome_nut_8433019264958_15.jpg, https://apextile.ru/d/dome60x120_dome_nut_8433019264958_14.jpg, https://apextile.ru/d/dome60x120_dome_nut_8433019264958_13.jpg, https://apextile.ru/d/dome60x120_dome_nut_8433019264958_12.jpg, https://apextile.ru/d/dome60x120_dome_nut_8433019264958_11.jpg, https://apextile.ru/d/dome60x120_dome_nut_8433019264958_10.jpg, https://apextile.ru/d/dome60x120_dome_nut_8433019264958_09.jpg, https://apextile.ru/d/dome60x120_dome_nut_8433019264958_08.jpg, https://apextile.ru/d/dome60x120_dome_nut_8433019264958_07.jpg, https://apextile.ru/d/dome60x120_dome_nut_8433019264958_06.jpg, https://apextile.ru/d/dome60x120_dome_nut_8433019264958_05.jpg, https://apextile.ru/d/dome60x120_dome_nut_8433019264958_04.jpg, https://apextile.ru/d/dome60x120_dome_nut_8433019264958_03.jpg, https://apextile.ru/d/dome60x120_dome_nut_8433019264958_02.jpg";0;;УТ000000625;"Dome,DOME,60x120,Baldocer,Испания,Размеры,Каталог,Страна";;0;630416109;;0;"Фабрика: Baldocer
Коллекция:	Dome
Название: Dome Nut Rect
Размер	60x120 см
Страна производитель: Испания
Применение: пол, стены
Поверхность: матовая
В коробке	1.44 м / 2 шт / ~29.8 кг
Материал- керамогранит
Ректифицированная- да";;202.32;0;0;м2;20.14;kg;"0,0,0";0;0;0;5280.00;0.00;0.00;0.00;RUB;0;"Керамогранит Baldocer Dome nut";"Купить керамогранит Baldocer Dome nut в Москве";"Продажа испанского керамогранита Baldocer Dome nut оптом в Москве";"испанский керамогранит, baldocer, Dome nut, оптом в москве";magazin/product/630416109;12914509;92053309;;;;;"0,,0";0.00;52d2c83a-3535-11ef-81cd-74563ca8c264;52d2c83a-3535-11ef-81cd-74563ca8c264;;20.14;Товар;Керамогранит;"60x120 Dome nut rect Гранит Керамический";;;;;;;;;;;;"120x260 Canyon Beige Гранит керамический";Baldocer;Испания;https://apextile.ru/d/cml_24a41e8b_6b390aca.jpeg;0;;УТ000000626;"Страна, B-PLUS,Крупноформатный керамогранит,120x260,BALDOCER,Испания,Размеры,CANYON,Плитка Испания";;0;630416309;;0;"Фабрика: Baldocer
Коллекция: Canyon
Название: Canyon Beige
Размер	120x260 см, толщина 6 мм
Страна производитель- Испания
Применение: пол, стены
Поверхность: матовая
В коробке: 3.12 м / 1 шт / 45.5 кг
Материал: керамогранит
Ректифицированная- да";;71.76;0;0;м2;14.58;kg;"0,0,0";0;0;0;8360.00;0.00;0.00;0.00;RUB;0;;;;;magazin/product/630416309;12914709;;;;;;"0,,0";0.00;52d2c83c-3535-11ef-81cd-74563ca8c264;52d2c83c-3535-11ef-81cd-74563ca8c264;;14.58;Товар;Керамогранит;"120x260 Canyon Beige Гранит керамический";;;;;;;;;;;;"120x260 Canyon Bone Гранит Керамический";Baldocer;Испания;https://apextile.ru/d/cml_98e29aee_febc974f.jpeg;0;;УТ000000627;"120x260,BALDOCER,Испания,Размеры,CANYON,Плитка Испания,Страна, B-PLUS,Крупноформатный керамогранит";;0;630416509;;0;"Фабрика: Baldocer
Коллекция: Canyon
Название: Canyon Bone
Размер	120x260 см, толщина 6 мм
Страна производитель- Испания
Применение: пол, стены
Поверхность: матовая
В коробке: 3.12 м / 1 шт / 45.5 кг
Материал: керамогранит
Ректифицированная- да";;71.76;0;0;м2;14.58;kg;"0,0,0";0;0;0;8360.00;0.00;0.00;0.00;RUB;0;;;;;magazin/product/630416509;12914709;;;;;;"0,,0";0.00;52d2c83e-3535-11ef-81cd-74563ca8c264;52d2c83e-3535-11ef-81cd-74563ca8c264;;14.58;Товар;Керамогранит;"120x260 Canyon Bone Гранит Керамический";;;;;;;;;;;;"120x260 Canyon Grey Гранит Керамический";Baldocer;Испания;"https://apextile.ru/d/cml_d053a35e_9e95f2ff.jpeg, https://apextile.ru/d/canyon_grey_120x60_interer.jpg";0;;УТ000000628;"Размеры,CANYON,Плитка Испания,Страна, B-PLUS,Крупноформатный керамогранит,120x260,BALDOCER,Испания";;0;630416709;;0;"Фабрика: Baldocer
Коллекция: Canyon
Название: Canyon grey
Размер	120x260 см, толщина 6 мм
Страна производитель- Испания
Применение: пол, стены
Поверхность: матовая
В коробке: 3.12 м / 1 шт / 45.5 кг
Материал: керамогранит
Ректифицированная- да";;71.76;0;0;м2;14.58;kg;"0,0,0";0;0;0;8360.00;0.00;0.00;0.00;RUB;0;;;;;magazin/product/630416709;12914709;;;;;;"0,,0";0.00;52d2c840-3535-11ef-81cd-74563ca8c264;52d2c840-3535-11ef-81cd-74563ca8c264;;14.58;Товар;Керамогранит;"120x260 Canyon Grey Гранит Керамический";;;;;;;;;;;;"120x260 Venice Beige Natural Гранит Керамический";Baldocer;Испания;"https://apextile.ru/d/cml_46ee5648_1a8b0f90.jpeg, https://apextile.ru/d/venice_beige_natural_120x260_interer.jpg";0;;УТ000000629;"Крупноформатный керамогранит,120x260,Baldocer,BALDOCER,Испания,Размеры,VENICE,Каталог,Плитка Испания,Страна,Venice, B-PLUS";;0;630416909;;0;;;74.88;0;0;м2;14.58;kg;"0,0,0";0;0;0;8360.00;0.00;0.00;0.00;RUB;0;;;;;magazin/product/630416909;16410309;;;;;;"0,,0";0.00;52d2c842-3535-11ef-81cd-74563ca8c264;52d2c842-3535-11ef-81cd-74563ca8c264;;14.58;Товар;Керамогранит;"120x260 Venice Beige Natural Гранит Керамический";;;;;;;;;;;;"120x260 Venice Grigio Natural Гранит Керамический";;;https://apextile.ru/d/cml_faa8d22d_8f0e9215.jpeg;0;;УТ000000630;"Размеры,VENICE,Каталог,Плитка Испания,Страна,Venice, B-PLUS,Крупноформатный керамогранит,120x260,Baldocer,BALDOCER,Испания";;0;630417109;;0;;;93.60;0;0;м2;14.58;kg;"0,0,0";0;0;0;8360.00;0.00;0.00;0.00;RUB;;;;;;magazin/product/630417109;16410309;;;;;;;0.00;52d2c844-3535-11ef-81cd-74563ca8c264;52d2c844-3535-11ef-81cd-74563ca8c264;;14.58;Товар;Керамогранит;"120x260 Venice Grigio Natural Гранит Керамический";;;;;;;;;;;;"120x260 Venice Miele Natural Гранит Керамический";;;https://apextile.ru/d/cml_4d8c55d3_8d8adade.jpeg;0;;УТ000000631;"Крупноформатный керамогранит,120x260,Baldocer,BALDOCER,Испания,Размеры,VENICE,Каталог,Плитка Испания,Страна,Venice, B-PLUS";;0;630417309;;0;;;199.68;0;0;м2;14.58;kg;"0,0,0";0;0;0;8360.00;0.00;0.00;0.00;RUB;;;;;;magazin/product/630417309;16410309;;;;;;;0.00;52d2c846-3535-11ef-81cd-74563ca8c264;52d2c846-3535-11ef-81cd-74563ca8c264;;14.58;Товар;Керамогранит;"120x260 Venice Miele Natural Гранит Керамический";;;;;;;;;;;;"120x260 Volcano Avorio Гранит Керамический";;;https://apextile.ru/d/cml_54f6ebf9_b84659ea.jpeg;0;;УТ000000632;"Размеры,VOLCANO,Каталог,Плитка Испания,Страна,Volcano, B-PLUS,Крупноформатный керамогранит,120x260,Baldocer,BALDOCER,Испания";;0;630417509;;0;;;131.04;0;0;м2;14.58;kg;"0,0,0";0;0;0;8360.00;0.00;0.00;0.00;RUB;0;;;;;magazin/product/630417509;16410109;;;;;;"0,,0";0.00;52d2c848-3535-11ef-81cd-74563ca8c264;52d2c848-3535-11ef-81cd-74563ca8c264;;14.58;Товар;Керамогранит;"120x260 Volcano Avorio Гранит Керамический";;;;;;;;;;;;"120x260 Volcano Nero Гранит Керамический";;;https://apextile.ru/d/cml_dbd400b2_624ca291.jpeg;0;;УТ000000633;"Крупноформатный керамогранит,120x260,BALDOCER,Baldocer,Испания,VOLCANO,Размеры,Плитка Испания,Каталог,Страна, B-PLUS,Volcano";;0;630417709;;0;;;56.16;0;0;м2;14.58;kg;"0,0,0";0;0;0;8360.00;0.00;0.00;0.00;RUB;0;;;;;magazin/product/630417709;16410109;;;;;;"0,,0";0.00;52d2c84a-3535-11ef-81cd-74563ca8c264;52d2c84a-3535-11ef-81cd-74563ca8c264;;14.58;Товар;Керамогранит;"120x260 Volcano Nero Гранит Керамический";;;;;;;;;;;;"60x120 Florence Beige Rect Гранит керамический";Baldocer;Испания;"https://apextile.ru/d/cml_3e8ffaab_5ee5a7eb.jpeg, https://apextile.ru/d/florence60x120_florence_beige_60x120_8433019282082_7.jpg, https://apextile.ru/d/florence60x120_florence_beige_60x120_8433019282082_6.jpg, https://apextile.ru/d/florence60x120_florence_beige_60x120_8433019282082_5.jpg, https://apextile.ru/d/florence60x120_florence_beige_60x120_8433019282082_4.jpg, https://apextile.ru/d/florence60x120_florence_beige_60x120_8433019282082_3.jpg, https://apextile.ru/d/florence60x120_florence_beige_60x120_8433019282082_2.jpg, https://apextile.ru/d/florence60x120_florence_beige_60x120_8433019282082_1.jpg";0;;УТ000000396;"60x120,Каталог,Испания,Размеры,Florence,Страна,Baldocer,FLORENCE";;0;630417909;;0;"Фабрика: Baldocer
Коллекция: Florence
Название: Florence Beige Rect
Размер:	60x120 см, 9мм
Страна производитель:	 Испания
Применение- пол, стены
Поверхность- матовая
В коробке	1.44 м / 2 шт / 29 кг
Материал	керамогранит
Ректифицированная- да";;185.76;0;0;м2;20.14;kg;"0,0,0";0;0;0;5280.00;0.00;0.00;0.00;RUB;0;"Керамогранит Baldocer Florence Beige";"Купить керамогранит Baldocer Florence Beige в Москве";"Продажа испанского керамогранита Baldocer Florence Beige оптом в Москве";"испанский керамогранит, baldocer, Florence Beige, оптом в москве";magazin/product/630417909;16409909;92053909;;;;;"0,,0";0.00;5997eaad-7167-11ee-8d59-d85ed3a7d9b0;5997eaad-7167-11ee-8d59-d85ed3a7d9b0;;20.14;Товар;Керамогранит;"60x120 Florence Beige Rect Гранит керамический";;;;;;;;;;;;"60x120 Florence Grigio Rect Гранит керамический";Baldocer;Испания;"https://apextile.ru/d/cml_a13cfbd5_ad238e44.jpeg, https://apextile.ru/d/florence60x120_florence_grigio_rectificado_60x120_8433019282075_7.jpg, https://apextile.ru/d/florence60x120_florence_grigio_rectificado_60x120_8433019282075_6.jpg, https://apextile.ru/d/florence60x120_florence_grigio_rectificado_60x120_8433019282075_5.jpg, https://apextile.ru/d/florence60x120_florence_grigio_rectificado_60x120_8433019282075_4.jpg, https://apextile.ru/d/florence60x120_florence_grigio_rectificado_60x120_8433019282075_3.jpg, https://apextile.ru/d/florence60x120_florence_grigio_rectificado_60x120_8433019282075_2.jpg, https://apextile.ru/d/florence60x120_florence_grigio_rectificado_60x120_8433019282075_1.jpg";0;;УТ000000397;"60x120,Каталог,Испания,Размеры,Florence,Страна,Baldocer,FLORENCE";;0;630418109;;0;"Фабрика: Baldocer
Коллекция: Florence
Название: Florence Grigio Rect
Размер:	60x120 см, 9мм
Страна производитель:	 Испания
Применение- пол, стены
Поверхность- матовая
В коробке	1.44 м / 2 шт / 29 кг
Материал	керамогранит
Ректифицированная- да";;232.56;0;0;м2;20.14;kg;"0,0,0";0;0;0;5280.00;0.00;0.00;0.00;RUB;0;"Керамогранит Baldocer Florence Grigio";"Купить керамогранит Baldocer Florence Grigio в Москве";"Продажа испанского керамогранита Baldocer Florence Grigio оптом в Москве";"испанский керамогранит, baldocer, Florence Grigio, оптом в москве";magazin/product/630418109;16409909;92053909;;;;;"0,,0";0.00;5997eaaf-7167-11ee-8d59-d85ed3a7d9b0;5997eaaf-7167-11ee-8d59-d85ed3a7d9b0;;20.14;Товар;Керамогранит;"60x120 Florence Grigio Rect Гранит керамический";;;;;;;;;;;;"60x120 Florence Bianco Rect Гранит керамический";Baldocer;Испания;"https://apextile.ru/d/cml_0ab18765_14110939.jpeg, https://apextile.ru/d/florence.jpg, https://apextile.ru/d/florence60x120_florence_bianco_60x120_8433019282099_7.jpg, https://apextile.ru/d/florence60x120_florence_bianco_60x120_8433019282099_6.jpg, https://apextile.ru/d/florence60x120_florence_bianco_60x120_8433019282099_5.jpg, https://apextile.ru/d/florence60x120_florence_bianco_60x120_8433019282099_4.jpg, https://apextile.ru/d/florence60x120_florence_bianco_60x120_8433019282099_3.jpg, https://apextile.ru/d/florence60x120_florence_bianco_60x120_8433019282099_2.jpg, https://apextile.ru/d/florence60x120_florence_bianco_60x120_8433019282099_1.jpg";0;;УТ000000398;"60x120,Каталог,Испания,Размеры,Florence,Страна,Baldocer,FLORENCE";;0;630418309;;0;"Фабрика: Baldocer
Коллекция: Florence
Название: Florence Bianco Rect
Размер:	60x120 см, 9мм
Страна производитель:	 Испания
Применение- пол, стены
Поверхность- матовая
В коробке	1.44 м / 2 шт / 29 кг
Материал	керамогранит
Ректифицированная- да";;228.24;0;0;м2;20.14;kg;"0,0,0";0;0;0;5280.00;0.00;0.00;0.00;RUB;0;"Керамогранит Baldocer Florence Bianco";"Купить керамогранит Baldocer Florence Bianco в Москве";"Продажа испанского керамогранита Baldocer Florence Bianco оптом в Москве";"испанский керамогранит, baldocer, Florence Bianco , оптом в москве";magazin/product/630418309;16409909;92053909;;;;;"0,,0";0.00;5997eab1-7167-11ee-8d59-d85ed3a7d9b0;5997eab1-7167-11ee-8d59-d85ed3a7d9b0;;20.14;Товар;Керамогранит;"60x120 Florence Bianco Rect Гранит керамический";;;;;;;;;;;;"60x120 Venice Grigio Rect Гранит керамический";Baldocer;Испания;"https://apextile.ru/d/cml_b694586d_d389b2fe.jpeg, https://apextile.ru/d/venice.jpg, https://apextile.ru/d/venice60x120_venice_grigio_natural_60x120_8433019279099_19.jpg, https://apextile.ru/d/venice60x120_venice_grigio_natural_60x120_8433019279099_18.jpg, https://apextile.ru/d/venice60x120_venice_grigio_natural_60x120_8433019279099_17.jpg, https://apextile.ru/d/venice60x120_venice_grigio_natural_60x120_8433019279099_16.jpg, https://apextile.ru/d/venice60x120_venice_grigio_natural_60x120_8433019279099_15.jpg, https://apextile.ru/d/venice60x120_venice_grigio_natural_60x120_8433019279099_14.jpg, https://apextile.ru/d/venice60x120_venice_grigio_natural_60x120_8433019279099_13.jpg, https://apextile.ru/d/venice60x120_venice_grigio_natural_60x120_8433019279099_12.jpg, https://apextile.ru/d/venice60x120_venice_grigio_natural_60x120_8433019279099_11.jpg, https://apextile.ru/d/venice60x120_venice_grigio_natural_60x120_8433019279099_10.jpg, https://apextile.ru/d/venice60x120_venice_grigio_natural_60x120_8433019279099_9.jpg, https://apextile.ru/d/venice60x120_venice_grigio_natural_60x120_8433019279099_8.jpg, https://apextile.ru/d/venice60x120_venice_grigio_natural_60x120_8433019279099_7.jpg, https://apextile.ru/d/venice60x120_venice_grigio_natural_60x120_8433019279099_6.jpg, https://apextile.ru/d/venice60x120_venice_grigio_natural_60x120_8433019279099_5.jpg, https://apextile.ru/d/venice60x120_venice_grigio_natural_60x120_8433019279099_4.jpg, https://apextile.ru/d/venice60x120_venice_grigio_natural_60x120_8433019279099_3.jpg, https://apextile.ru/d/venice60x120_venice_grigio_natural_60x120_8433019279099_2.jpg, https://apextile.ru/d/venice60x120_venice_grigio_natural_60x120_8433019279099_1.jpg";0;;УТ000000427;"Страна,Каталог,VENICE,Venice,Испания,Baldocer";;0;630418509;;0;"Фабрика: Baldocer
Коллекция: Venice
Название: Venice Grigio Rect
Размер: 60x120 см, 9мм
Страна производитель: Испания
Применение- пол, стены
Поверхность- матовая
В коробке	1.44 м / 2 шт / 29 кг
Материал	керамогранит
Ректифицированная- да";;253.44;0;0;м2;20.14;kg;"0,0,0";0;0;0;5280.00;0.00;0.00;0.00;RUB;0;"Керамогранит Baldocer Venice Grigio";"Купить керамогранит Baldocer Venice Grigio в Москве";"Продажа испанского керамогранита Baldocer Venice Grigio оптом в Москве";"испанский керамогранит, baldocer, Venice Grigio, оптом в москве";magazin/product/630418509;16410309;92053509;;;;;"0,,0";0.00;90fa62f0-9bd2-11ee-8d5a-d85ed3a7d9b0;90fa62f0-9bd2-11ee-8d5a-d85ed3a7d9b0;;20.14;Товар;Керамогранит;"60x120 Venice Grigio Rect Гранит керамический";;;;;;;;;;;;"80x160 Dome Bone Rect Гранит керамический";Baldocer;Испания;https://apextile.ru/d/cml_00130381_a59c26d5.jpeg;0;;УТ000000442;"Страна,Dome,DOME,80x160,Baldocer,Испания,Размеры,Каталог";;0;630418709;;0;;;161.28;0;0;м2;20.31;kg;"0,0,0";0;0;0;5830.00;0.00;0.00;0.00;RUB;0;;;;;magazin/product/630418709;12914509;;;;;;"0,,0";0.00;a9bab9d2-af94-11ee-8d5a-d85ed3a7d9b0;a9bab9d2-af94-11ee-8d5a-d85ed3a7d9b0;;20.31;Товар;"Керамическая плитка";"80x160 Dome Bone Rect Гранит керамический";;;;;;;;;;;;"60x120 Venice Beige Rect Гранит керамический";Baldocer;Испания;"https://apextile.ru/d/cml_188c8f65_f28d2313.jpeg, https://apextile.ru/d/venice_111491.jpg, https://apextile.ru/d/venice60x120_venice_beige_natural_rectificado_60x120_8433019279075_19.jpg, https://apextile.ru/d/venice60x120_venice_beige_natural_rectificado_60x120_8433019279075_18.jpg, https://apextile.ru/d/venice60x120_venice_beige_natural_rectificado_60x120_8433019279075_17.jpg, https://apextile.ru/d/venice60x120_venice_beige_natural_rectificado_60x120_8433019279075_16.jpg, https://apextile.ru/d/venice60x120_venice_beige_natural_rectificado_60x120_8433019279075_15.jpg, https://apextile.ru/d/venice60x120_venice_beige_natural_rectificado_60x120_8433019279075_14.jpg, https://apextile.ru/d/venice60x120_venice_beige_natural_rectificado_60x120_8433019279075_13.jpg, https://apextile.ru/d/venice60x120_venice_beige_natural_rectificado_60x120_8433019279075_12.jpg, https://apextile.ru/d/venice60x120_venice_beige_natural_rectificado_60x120_8433019279075_11.jpg, https://apextile.ru/d/venice60x120_venice_beige_natural_rectificado_60x120_8433019279075_10.jpg, https://apextile.ru/d/venice60x120_venice_beige_natural_rectificado_60x120_8433019279075_9.jpg, https://apextile.ru/d/venice60x120_venice_beige_natural_rectificado_60x120_8433019279075_8.jpg, https://apextile.ru/d/venice60x120_venice_beige_natural_rectificado_60x120_8433019279075_7.jpg, https://apextile.ru/d/venice60x120_venice_beige_natural_rectificado_60x120_8433019279075_6.jpg, https://apextile.ru/d/venice60x120_venice_beige_natural_rectificado_60x120_8433019279075_5.jpg, https://apextile.ru/d/venice60x120_venice_beige_natural_rectificado_60x120_8433019279075_4.jpg, https://apextile.ru/d/venice60x120_venice_beige_natural_rectificado_60x120_8433019279075_3.jpg, https://apextile.ru/d/venice60x120_venice_beige_natural_rectificado_60x120_8433019279075_2.jpg, https://apextile.ru/d/venice60x120_venice_beige_natural_rectificado_60x120_8433019279075_1.jpg";0;;УТ000000455;"VENICE,Venice,Испания,Baldocer,Страна,Каталог";;0;630418909;;0;"Фабрика: Baldocer
Коллекция: Venice
Название: Venice Beige Rect
Размер: 60x120 см, 9мм
Страна производитель: Испания
Применение- пол, стены
Поверхность- матовая
В коробке	1.44 м / 2 шт / 29 кг
Материал	керамогранит
Ректифицированная- да";;203.04;0;0;м2;20.14;kg;"0,0,0";0;0;0;5280.00;0.00;0.00;0.00;RUB;0;"Керамогранит Baldocer Venice Beige";"Купить керамогранит Baldocer Venice Beige в Москве";"Продажа испанского керамогранита Baldocer Venice Beige оптом в Москве";"испанский керамогранит, baldocer, Venice Beige, оптом в москве";magazin/product/630418909;16410309;92053509;;;;;"0,,0";0.00;d46cd35f-be6e-11ee-8d5b-d85ed3a7d9b0;d46cd35f-be6e-11ee-8d5b-d85ed3a7d9b0;;20.14;Товар;Керамогранит;"60x120 Venice Beige Rect Гранит керамический";;;;;;;;;;;;"60x120 Volcano Nero Rect Гранит керамический";Baldocer;Испания;https://apextile.ru/d/cml_c0e1d899_46c2021f.jpeg;0;;УТ000000457;"Испания,Baldocer,Страна,Каталог,VOLCANO,Volcano";;0;630419109;;0;;;164.88;0;0;м2;20.14;kg;"0,0,0";0;0;0;5280.00;0.00;0.00;0.00;RUB;0;"Керамогранит Baldocer Volcano Nero";"Купить керамогранит Baldocer Volcano Nero в Москве";"Продажа испанского керамогранита Baldocer Volcano Nero оптом в Москве";"испанский керамогранит, baldocer, Volcano Nero, оптом в москве";magazin/product/630419109;16410109;;;;;;"0,,0";0.00;d46cd362-be6e-11ee-8d5b-d85ed3a7d9b0;d46cd362-be6e-11ee-8d5b-d85ed3a7d9b0;;20.14;Товар;Керамогранит;"60x120 Volcano Nero Rect Гранит керамический";;;;;;;;;;;;"60x120 Volcano Avorio Rect Гранит керамический";Baldocer;Испания;"https://apextile.ru/d/cml_0c64bdf0_d3aba7e9.jpeg, https://apextile.ru/d/volcano_avorio_120x260_interer.jpg";0;;УТ000000458;"Baldocer,Страна,Каталог,VOLCANO,Volcano,Испания";;0;630419309;;0;;;102.96;0;0;м2;20.14;kg;"0,0,0";0;0;0;5280.00;0.00;0.00;0.00;RUB;0;"Керамогранит Baldocer Volcano Avorio";"купить керамогранит Baldocer Volcano Avorio в Москве";"Продажа испанского керамогранита Baldocer Volcano Avorio оптом в Москве";"испанский керамогранит, baldocer, volcano avorio , оптом в москве";magazin/product/630419309;16410109;;;;;;"0,,0";0.00;d46cd364-be6e-11ee-8d5b-d85ed3a7d9b0;d46cd364-be6e-11ee-8d5b-d85ed3a7d9b0;;20.14;Товар;Керамогранит;"60x120 Volcano Avorio Rect Гранит керамический";;;;;;;;;;;;"80x160 Dome Ash Rect Гранит керамический";;;"https://apextile.ru/d/cml_f37e88f9_d0f7ef0d.jpeg, https://apextile.ru/d/dome_ash_rect_60x120_interer.jpg";0;;УТ000000460;"Размеры,Каталог,BALDOCER,Страна,Dome,Плитка Испания,80x160,Baldocer,Испания";;0;630419509;;0;;;0.00;0;0;;0;kg;"0,0,0";0;0;0;5830.00;0.00;0.00;0.00;RUB;0;;;;;magazin/product/630419509;12914509,56509509;;;;;;"0,,0";0.00;d46cd367-be6e-11ee-8d5b-d85ed3a7d9b0;d46cd367-be6e-11ee-8d5b-d85ed3a7d9b0;;;Товар;"Керамическая плитка";"80x160 Dome Ash Rect Гранит керамический";;;;;;;;;;;;"80x160 Dome Nut Rect Гранит керамический";;;"https://apextile.ru/d/cml_e8797e05_dd862d0f.jpeg, https://apextile.ru/d/dome_nut_80x160_inerer.jpg";0;;УТ000000461;"Dome,Плитка Испания,80x160,Baldocer,Испания,Размеры,Каталог,BALDOCER,Страна";;0;630419709;;0;;;0.00;0;0;;0;kg;"0,0,0";0;0;0;5830.00;0.00;0.00;0.00;RUB;0;;;;;magazin/product/630419709;12914509;;;;;;"0,,0";0.00;d46cd369-be6e-11ee-8d5b-d85ed3a7d9b0;d46cd369-be6e-11ee-8d5b-d85ed3a7d9b0;;;Товар;"Керамическая плитка";"80x160 Dome Nut Rect Гранит керамический";;;;;;;;;;;;"60x120 Canyon Beige Rect Гранит керамический";Baldocer;Испания;"https://apextile.ru/d/cml_5a7e6f50_17c04b0b.jpeg, https://apextile.ru/d/canyon60x120_canyon_beige_60x120_8433019287643_16.jpg, https://apextile.ru/d/canyon60x120_canyon_beige_60x120_8433019287643_15.jpg, https://apextile.ru/d/canyon60x120_canyon_beige_60x120_8433019287643_14.jpg, https://apextile.ru/d/canyon60x120_canyon_beige_60x120_8433019287643_13.jpg, https://apextile.ru/d/canyon60x120_canyon_beige_60x120_8433019287643_12.jpg, https://apextile.ru/d/canyon60x120_canyon_beige_60x120_8433019287643_11.jpg, https://apextile.ru/d/canyon60x120_canyon_beige_60x120_8433019287643_10.jpg, https://apextile.ru/d/canyon60x120_canyon_beige_60x120_8433019287643_09.jpg, https://apextile.ru/d/canyon60x120_canyon_beige_60x120_8433019287643_08.jpg, https://apextile.ru/d/canyon60x120_canyon_beige_60x120_8433019287643_07.jpg, https://apextile.ru/d/canyon60x120_canyon_beige_60x120_8433019287643_06.jpg, https://apextile.ru/d/canyon60x120_canyon_beige_60x120_8433019287643_05.jpg, https://apextile.ru/d/canyon60x120_canyon_beige_60x120_8433019287643_04.jpg, https://apextile.ru/d/canyon60x120_canyon_beige_60x120_8433019287643_03.jpg, https://apextile.ru/d/canyon60x120_canyon_beige_60x120_8433019287643_02.jpg";0;;УТ000000492;"Baldocer,Испания,Размеры,Каталог,Страна,Canyon,CANYON,60x120";;0;630419909;;0;"Фабрика: Baldocer
Коллекция: Canyon
Название: Canyon Beige
Размер	60x120 см, толщина 9 мм
Страна производитель- Испания
Применение: пол, стены
Поверхность: матовая
В коробке- 1.44 м / 2 шт / 29 кг
Материал: керамогранит
Ректифицированная- да";;120.24;0;0;м2;20.14;kg;"0,0,0";0;0;0;5280.00;0.00;0.00;0.00;RUB;0;"Керамогранит Baldocer Canyon Beige";"купить керамогранит Baldocer Canyon Beige в Москве";"Продажа испанского керамогранита Baldocer Canyon Beige оптом в Москве";"испанский керамогранит, baldocer, Canyon Beige, оптом в москве";magazin/product/630419909;12914709;92053109;;;;;"0,,0";0.00;353712bd-dada-11ee-8d5c-d85ed3a7d9b0;353712bd-dada-11ee-8d5c-d85ed3a7d9b0;;20.14;Товар;Керамогранит;"60x120 Canyon Beige Rect Гранит керамический";;;;;;;;;;;;"60x120 Venice Miele Rect Гранит керамический";Baldocer;Испания;"https://apextile.ru/d/venice_miele_natural_120x160.jpg, https://apextile.ru/d/venice_miele_natural_60x120_interer.jpg, https://apextile.ru/d/venice60x120_venice_miele_natural_60x120_8433019284901_20.jpg, https://apextile.ru/d/venice60x120_venice_miele_natural_60x120_8433019284901_19.jpg, https://apextile.ru/d/venice60x120_venice_miele_natural_60x120_8433019284901_18.jpg, https://apextile.ru/d/venice60x120_venice_miele_natural_60x120_8433019284901_17.jpg, https://apextile.ru/d/venice60x120_venice_miele_natural_60x120_8433019284901_16.jpg, https://apextile.ru/d/venice60x120_venice_miele_natural_60x120_8433019284901_15.jpg, https://apextile.ru/d/venice60x120_venice_miele_natural_60x120_8433019284901_14.jpg, https://apextile.ru/d/venice60x120_venice_miele_natural_60x120_8433019284901_13.jpg, https://apextile.ru/d/venice60x120_venice_miele_natural_60x120_8433019284901_12.jpg, https://apextile.ru/d/venice60x120_venice_miele_natural_60x120_8433019284901_11.jpg, https://apextile.ru/d/venice60x120_venice_miele_natural_60x120_8433019284901_10.jpg, https://apextile.ru/d/venice60x120_venice_miele_natural_60x120_8433019284901_09.jpg, https://apextile.ru/d/venice60x120_venice_miele_natural_60x120_8433019284901_08.jpg, https://apextile.ru/d/venice60x120_venice_miele_natural_60x120_8433019284901_07.jpg, https://apextile.ru/d/venice60x120_venice_miele_natural_60x120_8433019284901_06.jpg, https://apextile.ru/d/venice60x120_venice_miele_natural_60x120_8433019284901_05.jpg, https://apextile.ru/d/venice60x120_venice_miele_natural_60x120_8433019284901_04.jpg, https://apextile.ru/d/venice60x120_venice_miele_natural_60x120_8433019284901_03.jpg, https://apextile.ru/d/venice60x120_venice_miele_natural_60x120_8433019284901_02.jpg";0;;УТ000000493;"Baldocer,Страна,Каталог,VENICE,Venice,Испания";;0;630420109;;0;"Фабрика: Baldocer
Коллекция: Venice
Название: Venice Miele Rect
Размер: 60x120 см, 9мм
Страна производитель: Испания
Применение- пол, стены
Поверхность- матовая
В коробке	1.44 м / 2 шт / 29 кг
Материал	керамогранит
Ректифицированная- да";;295.20;0;0;м2;20.14;kg;"0,0,0";0;0;0;5280.00;0.00;0.00;0.00;RUB;0;"Керамогранит Baldocer Venice Miele";"купить керамогранит Baldocer Venice Miele  в Москве";"Продажа испанского керамогранита Baldocer Venice Miele   оптом в Москве";"испанский керамогранит, baldocer, Venice Miele  , оптом в москве";magazin/product/630420109;16410309;92053509;;;;;"0,,0";0.00;353712bf-dada-11ee-8d5c-d85ed3a7d9b0;353712bf-dada-11ee-8d5c-d85ed3a7d9b0;;20.14;Товар;Керамогранит;"60x120 Venice Miele Rect Гранит керамический";;;;;;;;;;;;"60x120 Florence Miele Rect Гранит керамический";Baldocer;Испания;"https://apextile.ru/d/cml_5796bdaf_a64f1424.jpeg, https://apextile.ru/d/florenco_miele_120x260_interer.jpg, https://apextile.ru/d/florence60x120_florence_miele_60x120_8433019287049_16.jpg, https://apextile.ru/d/florence60x120_florence_miele_60x120_8433019287049_15.jpg, https://apextile.ru/d/florence60x120_florence_miele_60x120_8433019287049_14.jpg, https://apextile.ru/d/florence60x120_florence_miele_60x120_8433019287049_13.jpg, https://apextile.ru/d/florence60x120_florence_miele_60x120_8433019287049_12.jpg, https://apextile.ru/d/florence60x120_florence_miele_60x120_8433019287049_11.jpg, https://apextile.ru/d/florence60x120_florence_miele_60x120_8433019287049_10.jpg, https://apextile.ru/d/florence60x120_florence_miele_60x120_8433019287049_09.jpg, https://apextile.ru/d/florence60x120_florence_miele_60x120_8433019287049_08.jpg, https://apextile.ru/d/florence60x120_florence_miele_60x120_8433019287049_07.jpg, https://apextile.ru/d/florence60x120_florence_miele_60x120_8433019287049_06.jpg, https://apextile.ru/d/florence60x120_florence_miele_60x120_8433019287049_05.jpg, https://apextile.ru/d/florence60x120_florence_miele_60x120_8433019287049_04.jpg, https://apextile.ru/d/florence60x120_florence_miele_60x120_8433019287049_03.jpg, https://apextile.ru/d/florence60x120_florence_miele_60x120_8433019287049_02.jpg";0;;УТ000000494;"60x120,Каталог,Испания,Размеры,Florence,Страна,Baldocer,FLORENCE";;0;630420309;;0;"Фабрика: Baldocer
Коллекция: Florence
Название: Florence Miele Rect
Размер:	60x120 см, 9мм
Страна производитель:	 Испания
Применение- пол, стены
Поверхность- матовая
В коробке	1.44 м / 2 шт / 29 кг
Материал	керамогранит
Ректифицированная- да";;165.60;0;0;м2;14.5;kg;"0,0,0";0;0;0;5280.00;0.00;0.00;0.00;RUB;0;"Керамогранит Baldocer Florence Miele";"купить керамогранит Baldocer Florence Miele в Москве";"Продажа испанского керамогранита Baldocer Florence Miele оптом в Москве";"испанский керамогранит, baldocer, Florence Miele, оптом в москве";magazin/product/630420309;16409909;92053909;;;;;"0,,0";0.00;353712c1-dada-11ee-8d5c-d85ed3a7d9b0;353712c1-dada-11ee-8d5c-d85ed3a7d9b0;;14.5;Товар;Керамогранит;"60x120 Florence Miele Rect Гранит керамический";;;;;;;;;;;;"60x120 Canyon Grey Rect Гранит керамический";Baldocer;Испания;"https://apextile.ru/d/cml_5b9f9002_7fc6ba5b.jpeg, https://apextile.ru/d/canyon_grey_120x60_interer.jpg, https://apextile.ru/d/canyon60x120_canyon_grey_60x120_8433019287636_04.jpg, https://apextile.ru/d/canyon60x120_canyon_grey_60x120_8433019287636_16.jpg, https://apextile.ru/d/canyon60x120_canyon_grey_60x120_8433019287636_16.jpg, https://apextile.ru/d/canyon60x120_canyon_grey_60x120_8433019287636_15.jpg, https://apextile.ru/d/canyon60x120_canyon_grey_60x120_8433019287636_15.jpg, https://apextile.ru/d/canyon60x120_canyon_grey_60x120_8433019287636_14.jpg, https://apextile.ru/d/canyon60x120_canyon_grey_60x120_8433019287636_14.jpg, https://apextile.ru/d/canyon60x120_canyon_grey_60x120_8433019287636_13.jpg, https://apextile.ru/d/canyon60x120_canyon_grey_60x120_8433019287636_13.jpg, https://apextile.ru/d/canyon60x120_canyon_grey_60x120_8433019287636_12.jpg, https://apextile.ru/d/canyon60x120_canyon_grey_60x120_8433019287636_12.jpg, https://apextile.ru/d/canyon60x120_canyon_grey_60x120_8433019287636_11.jpg, https://apextile.ru/d/canyon60x120_canyon_grey_60x120_8433019287636_11.jpg, https://apextile.ru/d/canyon60x120_canyon_grey_60x120_8433019287636_10.jpg, https://apextile.ru/d/canyon60x120_canyon_grey_60x120_8433019287636_10.jpg";0;;УТ000000495;"Размеры,Каталог,Страна,Canyon,CANYON,60x120,Baldocer,Испания";;0;630420509;;0;"Фабрика: Baldocer
Коллекция: Canyon
Название: Canyon Grey
Размер	60x120 см, толщина 9 мм
Страна производитель- Испания
Применение: пол, стены
Поверхность: матовая
В коробке- 1.44 м / 2 шт / 29 кг
Материал: керамогранит
Ректифицированная- да";;226.80;0;0;м2;20.14;kg;"0,0,0";0;0;0;5280.00;0.00;0.00;0.00;RUB;0;"Керамогранит Baldocer Canyon Grey";"купить керамогранит Baldocer Canyon Grey в Москве";"Продажа испанского керамогранита Baldocer Canyon Grey оптом в Москве";"испанский керамогранит, baldocer, Canyon Grey, оптом в москве";magazin/product/630420509;12914709;92053109;;;;;"0,,0";0.00;353712c3-dada-11ee-8d5c-d85ed3a7d9b0;353712c3-dada-11ee-8d5c-d85ed3a7d9b0;;20.14;Товар;Керамогранит;"60x120 Canyon Grey Rect Гранит керамический";;;;;;;;;;;;"60x120 Canyon Bone Rect Гранит керамический";Baldocer;Испания;"https://apextile.ru/d/cml_bcaeb9ab_167ce0cb.jpeg, https://apextile.ru/d/canyon60x120_canyon_bone_60x120_8433019287629_16.jpg, https://apextile.ru/d/canyon60x120_canyon_bone_60x120_8433019287629_15.jpg, https://apextile.ru/d/canyon60x120_canyon_bone_60x120_8433019287629_14.jpg, https://apextile.ru/d/canyon60x120_canyon_bone_60x120_8433019287629_13.jpg, https://apextile.ru/d/canyon60x120_canyon_bone_60x120_8433019287629_12.jpg, https://apextile.ru/d/canyon60x120_canyon_bone_60x120_8433019287629_11.jpg, https://apextile.ru/d/canyon60x120_canyon_bone_60x120_8433019287629_10.jpg, https://apextile.ru/d/canyon60x120_canyon_bone_60x120_8433019287629_09.jpg, https://apextile.ru/d/canyon60x120_canyon_bone_60x120_8433019287629_08.jpg, https://apextile.ru/d/canyon60x120_canyon_bone_60x120_8433019287629_07.jpg, https://apextile.ru/d/canyon60x120_canyon_bone_60x120_8433019287629_06.jpg, https://apextile.ru/d/canyon60x120_canyon_bone_60x120_8433019287629_05.jpg, https://apextile.ru/d/canyon60x120_canyon_bone_60x120_8433019287629_04.jpg, https://apextile.ru/d/canyon60x120_canyon_bone_60x120_8433019287629_03.jpg, https://apextile.ru/d/canyon60x120_canyon_bone_60x120_8433019287629_02.jpg";0;;УТ000000496;"Размеры,Каталог,Страна,Canyon,CANYON,60x120,Baldocer,Испания";;0;630420709;;0;"Фабрика: Baldocer
Коллекция: Canyon
Название: Canyon Bone
Размер- 60x120 см, толщина 9 мм
Страна производитель:	Испания
Применение: пол, стены
Поверхность: матовая
В коробке	1.44 м / 2 шт / 29 кг
Материал	керамогранит
Ректифицированная- да";;235.43;0;0;м2;20.14;kg;"0,0,0";0;0;0;5280.00;0.00;0.00;0.00;RUB;0;"Керамогранит Baldocer Canyon Bone";"купить керамогранит Baldocer Canyon Bone в Москве";"Продажа испанского керамогранита Baldocer Canyon Bone оптом в Москве";"испанский керамогранит, baldocer, Canyon Bone, оптом в москве";magazin/product/630420709;12914709;92053109;;;;;"0,,0";0.00;353712c6-dada-11ee-8d5c-d85ed3a7d9b0;353712c6-dada-11ee-8d5c-d85ed3a7d9b0;;20.14;Товар;Керамогранит;"60x120 Canyon Bone Rect Гранит керамический";;;;;;;;;;;;"60x120 Canyon Black Rect Гранит керамический";Baldocer;Испания;"https://apextile.ru/d/cml_9fb02605_4a305360.jpeg, https://apextile.ru/d/canyon_black_60x120_interer.jpg, https://apextile.ru/d/canyon60x120_canyon_black_60x120_8433019287674_16.jpg, https://apextile.ru/d/canyon60x120_canyon_black_60x120_8433019287674_15.jpg, https://apextile.ru/d/canyon60x120_canyon_black_60x120_8433019287674_14.jpg, https://apextile.ru/d/canyon60x120_canyon_black_60x120_8433019287674_13.jpg, https://apextile.ru/d/canyon60x120_canyon_black_60x120_8433019287674_12.jpg, https://apextile.ru/d/canyon60x120_canyon_black_60x120_8433019287674_11.jpg, https://apextile.ru/d/canyon60x120_canyon_black_60x120_8433019287674_10.jpg, https://apextile.ru/d/canyon60x120_canyon_black_60x120_8433019287674_09.jpg, https://apextile.ru/d/canyon60x120_canyon_black_60x120_8433019287674_08.jpg, https://apextile.ru/d/canyon60x120_canyon_black_60x120_8433019287674_07.jpg, https://apextile.ru/d/canyon60x120_canyon_black_60x120_8433019287674_06.jpg, https://apextile.ru/d/canyon60x120_canyon_black_60x120_8433019287674_05.jpg, https://apextile.ru/d/canyon60x120_canyon_black_60x120_8433019287674_04.jpg, https://apextile.ru/d/canyon60x120_canyon_black_60x120_8433019287674_03.jpg, https://apextile.ru/d/canyon60x120_canyon_black_60x120_8433019287674_02.jpg";0;;УТ000000607;"Размеры,Каталог,Страна,Canyon,CANYON,60x120,Baldocer,Испания";;0;630420909;;0;"Фабрика: Baldocer
Коллекция: Canyon
Название: Canyon Black
Размер	60x120 см, толщина 9 мм
Страна производитель- Испания
Применение: пол, стены
Поверхность: матовая
В коробке- 1.44 м / 2 шт / 29 кг
Материал: керамогранит
Ректифицированная- да";;282.96;0;0;м2;20.14;kg;"0,0,0";0;0;0;5940.00;0.00;0.00;0.00;RUB;0;"Керамогранит Baldocer Canyon Black";"купить керамогранит Baldocer Canyon Black в Москве";"Продажа испанского керамогранита Baldocer Canyon Black оптом в Москве";"испанский керамогранит, baldocer, Canyon Black, оптом в москве";magazin/product/630420909;12914709;92053109;;;;;"0,,0";0.00;7b7cf353-2956-11ef-8d5c-d85ed3a7d9b0;7b7cf353-2956-11ef-8d5c-d85ed3a7d9b0;;20.14;Товар;Керамогранит;"60x120 Canyon Black Rect Гранит керамический";;;;;;;;;;;;"60x120 Quantum Natural Гранит Керамический";;;https://apextile.ru/d/cml_48789deb_c3f135db.jpeg;0;;УТ000000647;"Страна,Quantum,Испания";;0;1164028509;;0;;;239.04;0;0;м2;21.14;kg;"0,0,0";0;0;0;5280.00;0.00;0.00;0.00;RUB;0;"Керамогранит Baldocer Quantom Natural";"купить керамогранит Baldocer Quantom в Москве";"Продажа испанского керамогранита Baldocer Quantom  оптом в Москве";"испанский керамогранит, baldocer, quantom , оптом в москве";magazin/product/1164028509;;;;;;;"0,,0";0.00;5b7ab02a-4019-11ef-81d4-74563ca8c264;5b7ab02a-4019-11ef-81d4-74563ca8c264;;21.14;Товар;Керамогранит;"60x120 Quantum Natural Гранит Керамический";;;;;;;;;;;;"60x120 Arkety Sand Гранит керамический";;;"https://apextile.ru/d/cml_867b407f_79c0dab9.jpeg, https://apextile.ru/d/ct9005bi3568_arkety60x120_arkety_sz1-2.jpg, https://apextile.ru/d/arkety60x120_arkety_sand_8433019173021-16.jpg, https://apextile.ru/d/arkety60x120_arkety_sand_8433019173021-15.jpg, https://apextile.ru/d/arkety60x120_arkety_sand_8433019173021-14.jpg, https://apextile.ru/d/arkety60x120_arkety_sand_8433019173021-13.jpg, https://apextile.ru/d/arkety60x120_arkety_sand_8433019173021-12.jpg, https://apextile.ru/d/arkety60x120_arkety_sand_8433019173021-11.jpg, https://apextile.ru/d/arkety60x120_arkety_sand_8433019173021-10.jpg, https://apextile.ru/d/arkety60x120_arkety_sand_8433019173021-9.jpg, https://apextile.ru/d/arkety60x120_arkety_sand_8433019173021-8.jpg, https://apextile.ru/d/arkety60x120_arkety_sand_8433019173021-7.jpg, https://apextile.ru/d/arkety60x120_arkety_sand_8433019173021-6.jpg, https://apextile.ru/d/arkety60x120_arkety_sand_8433019173021-5.jpg, https://apextile.ru/d/arkety60x120_arkety_sand_8433019173021-4.jpg, https://apextile.ru/d/arkety60x120_arkety_sand_8433019173021-3.jpg, https://apextile.ru/d/arkety60x120_arkety_sand_8433019173021-2.jpg";0;;УТ000000649;"Каталог,Arkety,Страна,Arkety ,Baldocer,Испания";;0;1164028909;;0;"Фабрика:	Baldocer
Коллекция:	Arkety
Название:	Sand
Размер:	60x120 см
Страна производитель:	 Испания
Применение- пол, стены
Поверхность	матовая
В коробке	1.44 м / 2 шт / 29 кг
Материал	керамогранит
Ректифицированная-	да";;118.08;0;0;м2;21.14;kg;"0,0,0";0;0;0;5280.00;0.00;0.00;0.00;RUB;0;"Керамогранит Baldocer  Arkety";"купить керамогранит BALDOCER Arkety в Москве";"Продажа испанского керамогранита baldocer arkety оптом в Москве";"испанский керамогранит, baldocer, arkety, оптом в москве";magazin/product/1164028909;;;;;;;"0,,0";0.00;5b7ab030-4019-11ef-81d4-74563ca8c264;5b7ab030-4019-11ef-81d4-74563ca8c264;;21.14;Товар;Керамогранит;"60x120 Arkety Sand Гранит керамический";;;;;;;;;;;;"60x120 Dome Bone rect Гарнит керамический";;;"https://apextile.ru/d/cml_9b689a61_cbed4f11.jpeg, https://apextile.ru/d/dome60x120_dome_bone_8433019264941_16.jpg, https://apextile.ru/d/dome60x120_dome_bone_8433019264941_15.jpg, https://apextile.ru/d/dome60x120_dome_bone_8433019264941_14.jpg, https://apextile.ru/d/dome60x120_dome_bone_8433019264941_13.jpg, https://apextile.ru/d/dome60x120_dome_bone_8433019264941_12.jpg, https://apextile.ru/d/dome60x120_dome_bone_8433019264941_11.jpg, https://apextile.ru/d/dome60x120_dome_bone_8433019264941_10.jpg, https://apextile.ru/d/dome60x120_dome_bone_8433019264941_09.jpg, https://apextile.ru/d/dome60x120_dome_bone_8433019264941_08.jpg, https://apextile.ru/d/dome60x120_dome_bone_8433019264941_07.jpg, https://apextile.ru/d/dome60x120_dome_bone_8433019264941_06.jpg, https://apextile.ru/d/dome60x120_dome_bone_8433019264941_05.jpg, https://apextile.ru/d/dome60x120_dome_bone_8433019264941_04.jpg, https://apextile.ru/d/dome60x120_dome_bone_8433019264941_03.jpg, https://apextile.ru/d/dome60x120_dome_bone_8433019264941_02.jpg";0;;УТ000000650;"Dome,DOME,60x120,Baldocer,Испания,Размеры,Каталог,Страна";;0;1164029109;;0;"Фабрика: Baldocer
Коллекция:	Dome
Название: Dome Bone Rect
Размер	60x120 см
Страна производитель: Испания
Применение: пол, стены
Поверхность: матовая
В коробке	1.44 м / 2 шт / ~29.8 кг
Материал- керамогранит
Ректифицированная- да";;126.00;0;0;м2;21.14;kg;"0,0,0";0;0;0;5280.00;0.00;0.00;0.00;RUB;0;"Керамогранит Baldocer Dome Bone";"купить керамогранит Baldocer Dome Bone в Москве";"Продажа испанского керамогранита Baldocer Dome Bone оптом в Москве";"испанский керамогранит, baldocer, dome bone, оптом в москве";magazin/product/1164029109;;92053309;;;;;"0,,0";0.00;5b7ab035-4019-11ef-81d4-74563ca8c264;5b7ab035-4019-11ef-81d4-74563ca8c264;;21.14;Товар;Керамогранит;"60x120 Dome Bone rect Гарнит керамический";;;;;;;;;;;;"120x260 Dome Bone Гранит керамический";;;https://apextile.ru/d/cml_f0020499_62a40fb5.jpeg;0;;УТ000000443;"Страна, B-PLUS,Крупноформатный керамогранит,120x260,BALDOCER,Испания,Размеры,Плитка Испания";;0;1168519509;;0;;;193.44;0;0;м2;14.58;kg;"0,0,0";0;0;0;8360.00;0.00;0.00;0.00;RUB;0;;;;;magazin/product/1168519509;;;;;;;"0,,0";0.00;a9bab9d4-af94-11ee-8d5a-d85ed3a7d9b0;a9bab9d4-af94-11ee-8d5a-d85ed3a7d9b0;;14.58;Товар;"Керамическая плитка";"120x260 Dome Bone Гранит керамический";"import_files/a9/a9bab9d4-af94-11ee-8d5a-d85ed3a7d9b0_394848c6-9b6a-11ef-81d9-74563ca8c264.jpeg#120x260 Dome Bone Гранит керамический";;;;;;;;;;;"60x120 Bellagio Pulido rect. Гранит керамический";Baldocer;Испания;"https://apextile.ru/d/cml_a63ec580_eb9adae9.jpeg, https://apextile.ru/d/bellagio60x120_bellagio_pulido_8433019254065-16.jpg, https://apextile.ru/d/bellagio60x120_bellagio_pulido_8433019254065-15.jpg, https://apextile.ru/d/bellagio60x120_bellagio_pulido_8433019254065-14.jpg, https://apextile.ru/d/bellagio60x120_bellagio_pulido_8433019254065-13.jpg, https://apextile.ru/d/bellagio60x120_bellagio_pulido_8433019254065-12.jpg, https://apextile.ru/d/bellagio60x120_bellagio_pulido_8433019254065-11.jpg, https://apextile.ru/d/bellagio60x120_bellagio_pulido_8433019254065-10.jpg, https://apextile.ru/d/bellagio60x120_bellagio_pulido_8433019254065-9.jpg, https://apextile.ru/d/bellagio60x120_bellagio_pulido_8433019254065-8.jpg, https://apextile.ru/d/bellagio60x120_bellagio_pulido_8433019254065-7.jpg, https://apextile.ru/d/bellagio60x120_bellagio_pulido_8433019254065-6.jpg, https://apextile.ru/d/bellagio60x120_bellagio_pulido_8433019254065-5.jpg, https://apextile.ru/d/bellagio60x120_bellagio_pulido_8433019254065-4.jpg, https://apextile.ru/d/bellagio60x120_bellagio_pulido_8433019254065-3.jpg, https://apextile.ru/d/bellagio60x120_bellagio_pulido_8433019254065-2.jpg";0;;УТ000000642;"Страна,Bellagio,Baldocer,Испания,Каталог,Bellagio";;0;1362505909;;0;"Фабрика:	Baldocer
Коллекция: 	Bellagio
Название: Bellagio	Pulido
Размер	60x120 см, толщина 10 мм
Страна производитель	- Испания
Применение-	пол, стены
Поверхность-	полированная
В коробке	1.44 м / 2 шт / 31 кг
Материал	керамогранит
Ректифицированная	да";;339.84;0;0;м2;20.14;kg;"0,0,0";1;0;0;6435.00;0.00;0.00;0.00;RUB;0;;;;;magazin/product/1362505909;;;;;;;"0,,0";0.00;5b7ab018-4019-11ef-81d4-74563ca8c264;5b7ab018-4019-11ef-81d4-74563ca8c264;;20.14;Товар;Керамогранит;"60x120 Bellagio Pulido rect. Гранит керамический";;;;;;;;;;;;"60x120 Asphalt Off White Гранит керамический";;;https://apextile.ru/d/60x120_asphalt_off_whitejpeg.jpeg;0;;УТ000000644;"Asphalt,Baldocer,Испания,Каталог,Asphalt,Страна";;0;1362506109;;0;;;276.48;0;0;м2;20.14;kg;"0,0,0";0;0;0;5280.00;0.00;0.00;0.00;RUB;0;;;;;magazin/product/1362506109;56509709;92054109;;;;;"0,,0";0.00;5b7ab01e-4019-11ef-81d4-74563ca8c264;5b7ab01e-4019-11ef-81d4-74563ca8c264;;20.14;Товар;Керамогранит;"60x120 Asphalt Off White Гранит керамический";"import_files/5b/5b7ab01e-4019-11ef-81d4-74563ca8c264_8f110ac9-4994-11ef-81d5-74563ca8c264.jpeg#60x120 Asphalt Off White";;;;;;;;;;;"60х120 Asphalt Mud rect. Гранит керамичекский";Baldocer;Испания;"https://apextile.ru/d/cml_3b6ca9f5_7d305632.jpeg, https://apextile.ru/d/60h120_asphalt_mud_rectjpeg.jpeg, https://apextile.ru/d/asphalt_mud_rect_60x120_interer.jpg";0;;УТ000000645;"Испания,Каталог,Asphalt,Страна,Asphalt,Baldocer";;0;1362506309;;0;;;341.28;0;0;м2;20.14;kg;"0,0,0";0;0;0;5610.00;0.00;0.00;0.00;RUB;0;;;;;magazin/product/1362506309;;92054109;;;;;"0,,0";0.00;5b7ab023-4019-11ef-81d4-74563ca8c264;5b7ab023-4019-11ef-81d4-74563ca8c264;;20.14;Товар;Керамогранит;"60х120 Asphalt Mud rect. Гранит керамичекский";"import_files/5b/5b7ab023-4019-11ef-81d4-74563ca8c264_8f110aca-4994-11ef-81d5-74563ca8c264.jpeg#60х120 Asphalt Mud rect.";;;;;;;;;;;"60x120/7мм Agate Dark Pulido Rect Гранит керамический";Baldocer;Испания;https://apextile.ru/d/izobrazhenie.jpg;0;;;"Керамогранит,Страна,Baldocer,Agate,60x120,Каталог,Испания,Размеры";;0;1607421709;;0;;;1.00;0;0;;0;kg;"0,0,0";0;0;0;6290.00;0.00;0.00;0.00;RUB;0;"60x120/7мм Agate Dark Pulido Rect Гранит керамический";"60x120/7мм Agate Dark Pulido Rect Гранит керамический";"60x120/7мм Agate Dark Pulido Rect Гранит керамический";"60x120/7мм Agate Dark Pulido Rect Гранит керамический";magazin/product/60x120-7mm-agate-dark-pulido-rect-granit-keramicheskij;;;;;;;"0,,0";0.00;;;;;;;;;;;;;;;;;;;"60x120/6мм Quartz Natural Rect Гранит керамический";;;https://apextile.ru/d/cml_46931b78_3b9b1ab5.jpeg;0;;УТ000000207;"Каталог,Испания,Размеры,Quartz,Страна,Baldocer,Quantum,60x120";;0;1770822909;;0;;;0.00;0;0;;0;kg;"0,0,0";0;0;0;4000.00;0.00;0.00;0.00;RUB;;;;;;magazin/product/1770822909;;;;;;;;0.00;b7e8dc7e-8284-11ed-8d4b-d85ed3a7d9b0;b7e8dc7e-8284-11ed-8d4b-d85ed3a7d9b0;;;Товар;Керамогранит;"60x120/6мм Quartz Natural Rect Гранит керамический";;;;;;;;;;;;"60x120/7мм Quartz Pulido Rect Гранит керамический";;;https://apextile.ru/d/cml_dd542372_d43047e0.jpeg;0;;УТ000000208;"Каталог,Испания,Размеры,Quartz,Страна,Baldocer,Quantum,60x120";;0;1770823109;;0;;;0.00;0;0;;0;kg;"0,0,0";0;0;0;5200.00;0.00;0.00;0.00;RUB;;;;;;magazin/product/1770823109;;;;;;;;0.00;b7e8dc80-8284-11ed-8d4b-d85ed3a7d9b0;b7e8dc80-8284-11ed-8d4b-d85ed3a7d9b0;;;Товар;Керамогранит;"60x120/7мм Quartz Pulido Rect Гранит керамический";;;;;;;;;;;;"20x120 Belfast Walnut Rect Гранит керамический";;;https://apextile.ru/d/cml_f078da19_45654bdc.jpeg;0;;УТ000000210;"Каталог,Страна,Belfast,Baldocer,Испания";;0;1770823309;;0;;;0.00;0;0;;0;kg;"0,0,0";0;0;0;3850.00;0.00;0.00;0.00;RUB;;;;;;magazin/product/1770823309;;;;;;;;0.00;b7e8dc83-8284-11ed-8d4b-d85ed3a7d9b0;b7e8dc83-8284-11ed-8d4b-d85ed3a7d9b0;;;Товар;Керамогранит;"20x120 Belfast Walnut Rect Гранит керамический";;;;;;;;;;;;"20x120 Belfast Teak Rect Гранит керамический";;;https://apextile.ru/d/cml_4c3e5e7c_d0e0d659.jpeg;0;;УТ000000211;"Испания,Каталог,Страна,Belfast,Baldocer";;0;1770823509;;0;;;0.00;0;0;;0;kg;"0,0,0";0;0;0;3850.00;0.00;0.00;0.00;RUB;;;;;;magazin/product/1770823509;;;;;;;;0.00;b7e8dc85-8284-11ed-8d4b-d85ed3a7d9b0;b7e8dc85-8284-11ed-8d4b-d85ed3a7d9b0;;;Товар;Керамогранит;"20x120 Belfast Teak Rect Гранит керамический";;;;;;;;;;;;"60x120/6мм Statuario Natural Rect Гранит керамический";;;https://apextile.ru/d/cml_07a65bba_5045abfd.jpeg;0;;УТ000000251;"Statuario,60x120,Каталог,Испания,Размеры,Страна,Baldocer";;0;1770823709;;0;;;0.00;0;0;;0;kg;"0,0,0";0;0;0;4000.00;0.00;0.00;0.00;RUB;;;;;;magazin/product/1770823709;;;;;;;;0.00;d87c6b51-c8d7-11ed-8d50-d85ed3a7d9b0;d87c6b51-c8d7-11ed-8d50-d85ed3a7d9b0;;;Товар;Керамогранит;"60x120/6мм Statuario Natural Rect Гранит керамический";;;;;;;;;;;;"60x120/7мм Statuario Pulido Rect Гранит керамический";;;https://apextile.ru/d/cml_10129609_57c8b184.jpeg;0;;УТ000000252;"Страна,Baldocer,Statuario,60x120,Каталог,Испания,Размеры";;0;1770823909;;0;;;0.00;0;0;;0;kg;"0,0,0";0;0;0;5200.00;0.00;0.00;0.00;RUB;;;;;;magazin/product/1770823909;;;;;;;;0.00;d87c6b53-c8d7-11ed-8d50-d85ed3a7d9b0;d87c6b53-c8d7-11ed-8d50-d85ed3a7d9b0;;;Товар;Керамогранит;"60x120/7мм Statuario Pulido Rect Гранит керамический";;;;;;;;;;;;"60x120/6мм Fontana Natural Rect Гранит керамический";;;https://apextile.ru/d/cml_f3c642dd_6b495978.jpeg;0;;УТ000000254;"Каталог,Испания,Размеры,Страна,Baldocer,Fontana,60x120";;0;1770824109;;0;;;0.00;0;0;;0;kg;"0,0,0";0;0;0;4000.00;0.00;0.00;0.00;RUB;;;;;;magazin/product/1770824109;;;;;;;;0.00;d87c6b56-c8d7-11ed-8d50-d85ed3a7d9b0;d87c6b56-c8d7-11ed-8d50-d85ed3a7d9b0;;;Товар;Керамогранит;"60x120/6мм Fontana Natural Rect Гранит керамический";;;;;;;;;;;;"60x120/7мм Fontana Pulido Rect Гранит керамический";;;https://apextile.ru/d/cml_3af77843_f431dfa2.jpeg;0;;УТ000000255;"Baldocer,Fontana,60x120,Каталог,Испания,Размеры,Страна";;0;1770824309;;0;;;0.00;0;0;;0;kg;"0,0,0";0;0;0;5200.00;0.00;0.00;0.00;RUB;;;;;;magazin/product/1770824309;;;;;;;;0.00;d87c6b58-c8d7-11ed-8d50-d85ed3a7d9b0;d87c6b58-c8d7-11ed-8d50-d85ed3a7d9b0;;;Товар;Керамогранит;"60x120/7мм Fontana Pulido Rect Гранит керамический";;;;;;;;;;;;"60x120/6мм Detroit Coal Rect Гранит керамический";Baldocer;Испания;https://apextile.ru/d/cml_1d0d804e_c69712b0.jpeg;0;;УТ000000257;"Размеры,BALDOCER,Страна,Baldocer,Плитка Испания,60x120,Каталог,Detroit,Испания";;0;1770824509;;0;;;0.00;0;0;;0;kg;"0,0,0";0;0;0;4000.00;0.00;0.00;0.00;RUB;0;;;;;magazin/product/1770824509;;;;;;;"0,,0";0.00;d87c6b5b-c8d7-11ed-8d50-d85ed3a7d9b0;d87c6b5b-c8d7-11ed-8d50-d85ed3a7d9b0;;;Товар;Керамогранит;"60x120/6мм Detroit Coal Rect Гранит керамический";;;;;;;;;;;;"60x120/6мм Detroit White Rect Гранит керамический";;;https://apextile.ru/d/cml_d188e527_53feb746.jpeg;0;;УТ000000258;"Baldocer,Detroit,60x120,Каталог,Испания,Размеры,Страна";;0;1770824709;;0;;;0.00;0;0;;0;kg;"0,0,0";0;0;0;4000.00;0.00;0.00;0.00;RUB;;;;;;magazin/product/1770824709;;;;;;;;0.00;d87c6b5d-c8d7-11ed-8d50-d85ed3a7d9b0;d87c6b5d-c8d7-11ed-8d50-d85ed3a7d9b0;;;Товар;Керамогранит;"60x120/6мм Detroit White Rect Гранит керамический";;;;;;;;;;;;"60x120/7мм Agate Sabbia Pulido Rect Гранит керамический";;;https://apextile.ru/d/cml_60fed4ea_aeb53426.jpeg;0;;УТ000000260;"Размеры,Страна,Baldocer,Agate,60x120,Каталог,Испания";;0;1770824909;;0;;;0.00;0;0;;0;kg;"0,0,0";0;0;0;6380.00;0.00;0.00;0.00;RUB;;;;;;magazin/product/1770824909;;;;;;;;0.00;d87c6b60-c8d7-11ed-8d50-d85ed3a7d9b0;d87c6b60-c8d7-11ed-8d50-d85ed3a7d9b0;;;Товар;Керамогранит;"60x120/7мм Agate Sabbia Pulido Rect Гранит керамический";;;;;;;;;;;;"60x120/7мм Agate Grey Pulido Rect Гранит керамический";;;https://apextile.ru/d/cml_bec13525_e535de81.jpeg;0;;УТ000000261;"60x120,Каталог,Испания,Размеры,Страна,Baldocer,Agate";;0;1770825109;;0;;;11.52;0;0;;0;kg;"0,0,0";0;0;0;6930.00;0.00;0.00;0.00;RUB;;;;;;magazin/product/1770825109;;;;;;;;0.00;d87c6b62-c8d7-11ed-8d50-d85ed3a7d9b0;d87c6b62-c8d7-11ed-8d50-d85ed3a7d9b0;;;Товар;Керамогранит;"60x120/7мм Agate Grey Pulido Rect Гранит керамический";;;;;;;;;;;;"60x120/7мм Agate Dark Pulido Rect Гранит керамический";;;https://apextile.ru/d/cml_d629c889_8f3ff486.jpeg;0;;УТ000000262;"Страна,Baldocer,Agate,60x120,Каталог,Испания,Размеры";;0;1770825309;;0;;;0.00;0;0;;0;kg;"0,0,0";0;0;0;6930.00;0.00;0.00;0.00;RUB;;;;;;magazin/product/1770825309;;;;;;;;0.00;d87c6b64-c8d7-11ed-8d50-d85ed3a7d9b0;d87c6b64-c8d7-11ed-8d50-d85ed3a7d9b0;;;Товар;Керамогранит;"60x120/7мм Agate Dark Pulido Rect Гранит керамический";;;;;;;;;;;;"120x260 Ducale Cedar Гранит керамический";;;https://apextile.ru/d/cml_02ca311c_e4ec95f8.jpeg;0;;УТ000000299;"Испания,Размеры,Плитка Испания,Страна,Baldocer, B-PLUS,Крупноформатный керамогранит,120x260,Каталог,BALDOCER";;0;1770825509;;0;;;0.00;0;0;;0;kg;"0,0,0";0;0;0;8360.00;0.00;0.00;0.00;RUB;;;;;;magazin/product/1770825509;;;;;;;;0.00;041adeef-0f1f-11ee-8d53-d85ed3a7d9b0;041adeef-0f1f-11ee-8d53-d85ed3a7d9b0;;;Товар;Керамогранит;"120x260 Ducale Cedar Гранит керамический";;;;;;;;;;;;"120x260 Elyt Pulido Гранит керамический";;;https://apextile.ru/d/cml_00d9f389_2f0f94f7.jpeg;0;;УТ000000300;"120x260,Каталог,BALDOCER,Испания,Размеры,Elyt,Плитка Испания,Страна,Baldocer, B-PLUS,Крупноформатный керамогранит";;0;1770825709;;0;;;0.00;0;0;;0;kg;"0,0,0";0;0;0;12760.00;0.00;0.00;0.00;RUB;;;;;;magazin/product/1770825709;;;;;;;;0.00;041adef1-0f1f-11ee-8d53-d85ed3a7d9b0;041adef1-0f1f-11ee-8d53-d85ed3a7d9b0;;;Товар;Керамогранит;"120x260 Elyt Pulido Гранит керамический";;;;;;;;;;;;"120x260 Moonlight pulido Гранит керамический";;;https://apextile.ru/d/cml_07356234_5aaea0cd.jpeg;0;;УТ000000369;"BALDOCER,Каталог,Испания,Размеры,Плитка Испания,Страна, B-PLUS,Baldocer,Крупноформатный керамогранит,120x260";;0;1770825909;;0;;;0.00;0;0;;0;kg;"0,0,0";0;0;0;13200.00;0.00;0.00;0.00;RUB;;;;;;magazin/product/1770825909;;;;;;;;0.00;e5f7ce36-5d34-11ee-8d58-d85ed3a7d9b0;e5f7ce36-5d34-11ee-8d58-d85ed3a7d9b0;;;Товар;Керамогранит;"120x260 Moonlight pulido Гранит керамический";;;;;;;;;;;;"120x260 Ducale Henna Гранит керамический";;;https://apextile.ru/d/cml_aab6f230_893484c9.jpeg;0;;УТ000000394;"Крупноформатный керамогранит,120x260,Каталог,BALDOCER,Испания,Размеры,Плитка Испания,Страна,Baldocer, B-PLUS";;0;1770826109;;0;;;0.00;0;0;;0;kg;"0,0,0";0;0;0;8360.00;0.00;0.00;0.00;RUB;;;;;;magazin/product/1770826109;;;;;;;;0.00;5997eaaa-7167-11ee-8d59-d85ed3a7d9b0;5997eaaa-7167-11ee-8d59-d85ed3a7d9b0;;;Товар;Керамогранит;"120x260 Ducale Henna Гранит керамический";;;;;;;;;;;;"120x260 Venice Blanco Natural Гранит керамический";;;https://apextile.ru/d/cml_4df1ad14_9e2e695f.jpeg;0;;УТ000000406;"120x260,Baldocer,BALDOCER,Испания,Размеры,Каталог,Плитка Испания,Страна,Venice, B-PLUS,Крупноформатный керамогранит";;0;1770826309;;0;;;0.00;0;0;;0;kg;"0,0,0";0;0;0;8360.00;0.00;0.00;0.00;RUB;;;;;;magazin/product/1770826309;;;;;;;;0.00;2f816b6b-728b-11ee-8d59-d85ed3a7d9b0;2f816b6b-728b-11ee-8d59-d85ed3a7d9b0;;;Товар;Керамогранит;"120x260 Venice Blanco Natural Гранит керамический";;;;;;;;;;;;"120x260 Florence Beige Гранит керамический";;;https://apextile.ru/d/cml_f1b72971_0babf4da.jpeg;0;;УТ000000407;"Baldocer, B-PLUS,Крупноформатный керамогранит,120x260,Каталог,BALDOCER,Испания,Размеры,Florence,Плитка Испания,Страна";;0;1770826509;;0;;;99.84;0;0;;0;kg;"0,0,0";0;0;0;8360.00;0.00;0.00;0.00;RUB;;;;;;magazin/product/1770826509;;;;;;;;0.00;2f816b6d-728b-11ee-8d59-d85ed3a7d9b0;2f816b6d-728b-11ee-8d59-d85ed3a7d9b0;;;Товар;Керамогранит;"120x260 Florence Beige Гранит керамический";;;;;;;;;;;;"120x260 Florence Bianco Гранит керамический";Baldocer;Испания;https://apextile.ru/d/cml_94a562ed_9b26f8c9.jpeg;0;;УТ000000408;"Крупноформатный керамогранит,120x260,Каталог,BALDOCER,Испания,Размеры,Florence,Плитка Испания,Страна,Baldocer, B-PLUS";;0;1770826709;;0;;;68.64;0;0;;0;kg;"0,0,0";0;0;0;8360.00;0.00;0.00;0.00;RUB;0;;;;;magazin/product/1770826709;;;;;;;"0,,0";0.00;2f816b6f-728b-11ee-8d59-d85ed3a7d9b0;2f816b6f-728b-11ee-8d59-d85ed3a7d9b0;;;Товар;Керамогранит;"120x260 Florence Bianco Гранит керамический";;;;;;;;;;;;"120x260 Florence  Grigio Гранит керамический";Baldocer;Испания;https://apextile.ru/d/cml_0d952227_395b7490.jpeg;0;;УТ000000409;"120x260,Каталог,BALDOCER,Испания,Размеры,Florence,Плитка Испания,Страна,Baldocer, B-PLUS,Крупноформатный керамогранит";;0;1770826909;;0;;;62.40;0;0;;0;kg;"0,0,0";0;0;0;8360.00;0.00;0.00;0.00;RUB;0;;;;;magazin/product/1770826909;;;;;;;"0,,0";0.00;2f816b71-728b-11ee-8d59-d85ed3a7d9b0;2f816b71-728b-11ee-8d59-d85ed3a7d9b0;;;Товар;Керамогранит;"120x260 Florence  Grigio Гранит керамический";;;;;;;;;;;;"60x120 Village Soft Noir гранит керамический";;;"https://apextile.ru/d/60x120_village_soft_noir.jpg, https://apextile.ru/d/village60x120_village_soft_noir_60x120_8433019293286_16.jpg, https://apextile.ru/d/village60x120_village_soft_noir_60x120_8433019293286_15.jpg, https://apextile.ru/d/village60x120_village_soft_noir_60x120_8433019293286_14.jpg, https://apextile.ru/d/village60x120_village_soft_noir_60x120_8433019293286_13.jpg, https://apextile.ru/d/village60x120_village_soft_noir_60x120_8433019293286_12.jpg, https://apextile.ru/d/village60x120_village_soft_noir_60x120_8433019293286_11.jpg, https://apextile.ru/d/village60x120_village_soft_noir_60x120_8433019293286_10.jpg, https://apextile.ru/d/village60x120_village_soft_noir_60x120_8433019293286_9.jpg, https://apextile.ru/d/village60x120_village_soft_noir_60x120_8433019293286_8.jpg, https://apextile.ru/d/village60x120_village_soft_noir_60x120_8433019293286_7.jpg, https://apextile.ru/d/village60x120_village_soft_noir_60x120_8433019293286_6.jpg, https://apextile.ru/d/village60x120_village_soft_noir_60x120_8433019293286_5.jpg, https://apextile.ru/d/village60x120_village_soft_noir_60x120_8433019293286_4.jpg, https://apextile.ru/d/village60x120_village_soft_noir_60x120_8433019293286_3.jpg, https://apextile.ru/d/village60x120_village_soft_noir_60x120_8433019293286_2.jpg";0;;УТ000000659;"Baldocer,Village,60x120,Испания,Размеры,Страна";;0;2667237109;;0;"Фабрика: Baldocer
Коллекция:	Village
Название: Village Soft Noir
Размер	60x120 см
Страна производитель-	 Испания
Применение	пол, стены
Поверхность- полуматовая ( покрытие soft)
В коробке	1.44 м / 2 шт / 29 кг
Материал	керамогранит
Ректифицированная	да";;115.20;0;0;;0;kg;"0,0,0";1;0;0;5950.00;0.00;0.00;0.00;RUB;0;;;;;magazin/product/2667237109;;12569909;;;;;"0,,0";0.00;a2c6fa70-a26f-11ef-81d9-74563ca8c264;a2c6fa70-a26f-11ef-81d9-74563ca8c264;;;;;;;;;;;;;;;;;"60x120 Village soft Sable гранит керамический";;;"https://apextile.ru/d/60x120_village_soft_sable.jpg, https://apextile.ru/d/village60x120_village_soft_sable_rectificado_60x120_8433019293279_16.jpg, https://apextile.ru/d/village60x120_village_soft_sable_rectificado_60x120_8433019293279_15.jpg, https://apextile.ru/d/village60x120_village_soft_sable_rectificado_60x120_8433019293279_14.jpg, https://apextile.ru/d/village60x120_village_soft_sable_rectificado_60x120_8433019293279_13.jpg, https://apextile.ru/d/village60x120_village_soft_sable_rectificado_60x120_8433019293279_12.jpg, https://apextile.ru/d/village60x120_village_soft_sable_rectificado_60x120_8433019293279_11.jpg, https://apextile.ru/d/village60x120_village_soft_sable_rectificado_60x120_8433019293279_10.jpg, https://apextile.ru/d/village60x120_village_soft_sable_rectificado_60x120_8433019293279_9.jpg, https://apextile.ru/d/village60x120_village_soft_sable_rectificado_60x120_8433019293279_8.jpg, https://apextile.ru/d/village60x120_village_soft_sable_rectificado_60x120_8433019293279_7.jpg, https://apextile.ru/d/village60x120_village_soft_sable_rectificado_60x120_8433019293279_6.jpg, https://apextile.ru/d/village60x120_village_soft_sable_rectificado_60x120_8433019293279_5.jpg, https://apextile.ru/d/village60x120_village_soft_sable_rectificado_60x120_8433019293279_4.jpg, https://apextile.ru/d/village60x120_village_soft_sable_rectificado_60x120_8433019293279_3.jpg, https://apextile.ru/d/village60x120_village_soft_sable_rectificado_60x120_8433019293279_2.jpg";0;;УТ000000660;"60x120,Испания,Размеры,Страна,Baldocer,Village";;0;2667237309;;0;"Фабрика: Baldocer
Коллекция:	Village
Название: Village Soft Sable
Размер	60x120 см
Страна производитель-	 Испания
Применение	пол, стены
Поверхность- полуматовая ( покрытие soft)
В коробке	1.44 м / 2 шт / 29 кг
Материал	керамогранит
Ректифицированная	да";;164.16;0;0;;0;kg;"0,0,0";1;0;0;5950.00;0.00;0.00;0.00;RUB;0;;;;;magazin/product/2667237309;;12569909;;;;;"0,,0";0.00;a2c6fa76-a26f-11ef-81d9-74563ca8c264;a2c6fa76-a26f-11ef-81d9-74563ca8c264;;;;;;;;;;;;;;;;;"60x120 Village Soft Blanc гранит керамический";;;"https://apextile.ru/d/60x120_village_soft_blanc_granit_keramicheskij.jpg, https://apextile.ru/d/village60x120_village_soft_blanc_60x120_8433019293316_16.jpg, https://apextile.ru/d/village60x120_village_soft_blanc_60x120_8433019293316_15.jpg, https://apextile.ru/d/village60x120_village_soft_blanc_60x120_8433019293316_14.jpg, https://apextile.ru/d/village60x120_village_soft_blanc_60x120_8433019293316_13.jpg, https://apextile.ru/d/village60x120_village_soft_blanc_60x120_8433019293316_12.jpg, https://apextile.ru/d/village60x120_village_soft_blanc_60x120_8433019293316_11.jpg, https://apextile.ru/d/village60x120_village_soft_blanc_60x120_8433019293316_10.jpg, https://apextile.ru/d/village60x120_village_soft_blanc_60x120_8433019293316_9.jpg, https://apextile.ru/d/village60x120_village_soft_blanc_60x120_8433019293316_8.jpg, https://apextile.ru/d/village60x120_village_soft_blanc_60x120_8433019293316_7.jpg, https://apextile.ru/d/village60x120_village_soft_blanc_60x120_8433019293316_6.jpg, https://apextile.ru/d/village60x120_village_soft_blanc_60x120_8433019293316_5.jpg, https://apextile.ru/d/village60x120_village_soft_blanc_60x120_8433019293316_4.jpg, https://apextile.ru/d/village60x120_village_soft_blanc_60x120_8433019293316_3.jpg, https://apextile.ru/d/village60x120_village_soft_blanc_60x120_8433019293316_2.jpg";0;;УТ000000661;"Испания,Размеры,Страна,Baldocer,Village,60x120";;0;2667237509;;0;"Фабрика: Baldocer
Коллекция:	Village
Название: Village Soft Blanc
Размер	60x120 см
Страна производитель-	 Испания
Применение	пол, стены
Поверхность- полуматовая ( покрытие soft)
В коробке	1.44 м / 2 шт / 29 кг
Материал	керамогранит
Ректифицированная	да";;288.00;0;0;;0;kg;"0,0,0";1;0;0;5950.00;0.00;0.00;0.00;RUB;0;;;;;magazin/product/2667237509;;12569909;;;;;"0,,0";0.00;a2c6fa7c-a26f-11ef-81d9-74563ca8c264;a2c6fa7c-a26f-11ef-81d9-74563ca8c264;;;;;;;;;;;;;;;;;"60x120 Village Soft Fonce гранит керамический";;;"https://apextile.ru/d/60x120_village_soft_fonce.jpg, https://apextile.ru/d/village60x120_village_soft_fonce_60x120_8433019293293_16.jpg, https://apextile.ru/d/village60x120_village_soft_fonce_60x120_8433019293293_15.jpg, https://apextile.ru/d/village60x120_village_soft_fonce_60x120_8433019293293_14.jpg, https://apextile.ru/d/village60x120_village_soft_fonce_60x120_8433019293293_13.jpg, https://apextile.ru/d/village60x120_village_soft_fonce_60x120_8433019293293_12.jpg, https://apextile.ru/d/village60x120_village_soft_fonce_60x120_8433019293293_11.jpg, https://apextile.ru/d/village60x120_village_soft_fonce_60x120_8433019293293_10.jpg, https://apextile.ru/d/village60x120_village_soft_fonce_60x120_8433019293293_9.jpg, https://apextile.ru/d/village60x120_village_soft_fonce_60x120_8433019293293_8.jpg, https://apextile.ru/d/village60x120_village_soft_fonce_60x120_8433019293293_7.jpg, https://apextile.ru/d/village60x120_village_soft_fonce_60x120_8433019293293_6.jpg, https://apextile.ru/d/village60x120_village_soft_fonce_60x120_8433019293293_5.jpg, https://apextile.ru/d/village60x120_village_soft_fonce_60x120_8433019293293_4.jpg, https://apextile.ru/d/village60x120_village_soft_fonce_60x120_8433019293293_3.jpg, https://apextile.ru/d/village60x120_village_soft_fonce_60x120_8433019293293_2.jpg";0;;УТ000000662;"Страна,Baldocer,Village,60x120,Испания,Размеры";;0;2667237709;;0;"Фабрика: Baldocer
Коллекция:	Village
Название: Village Soft Fonce
Размер	60x120 см
Страна производитель-	 Испания
Применение	пол, стены
Поверхность- полуматовая ( покрытие soft)
В коробке	1.44 м / 2 шт / 29 кг
Материал	керамогранит
Ректифицированная	да";;115.92;0;0;;0;kg;"0,0,0";1;0;0;5950.00;0.00;0.00;0.00;RUB;0;;;;;magazin/product/2667237709;;12569909;;;;;"0,,0";0.00;a2c6fa82-a26f-11ef-81d9-74563ca8c264;a2c6fa82-a26f-11ef-81d9-74563ca8c264;;;;;;;;;;;;;;;;;"60x120 Kronos Sand гранит керамический";Baldocer;;"https://apextile.ru/d/60x120_kronos_sand.jpg, https://apextile.ru/d/kronos60x120_kronos_sand_60x120_8433019294443_16.jpg, https://apextile.ru/d/kronos60x120_kronos_sand_60x120_8433019294443_15.jpg, https://apextile.ru/d/kronos60x120_kronos_sand_60x120_8433019294443_14.jpg, https://apextile.ru/d/kronos60x120_kronos_sand_60x120_8433019294443_13.jpg, https://apextile.ru/d/kronos60x120_kronos_sand_60x120_8433019294443_12.jpg, https://apextile.ru/d/kronos60x120_kronos_sand_60x120_8433019294443_11.jpg, https://apextile.ru/d/kronos60x120_kronos_sand_60x120_8433019294443_10.jpg, https://apextile.ru/d/kronos60x120_kronos_sand_60x120_8433019294443_9.jpg, https://apextile.ru/d/kronos60x120_kronos_sand_60x120_8433019294443_8.jpg, https://apextile.ru/d/kronos60x120_kronos_sand_60x120_8433019294443_7.jpg, https://apextile.ru/d/kronos60x120_kronos_sand_60x120_8433019294443_6.jpg, https://apextile.ru/d/kronos60x120_kronos_sand_60x120_8433019294443_5.jpg, https://apextile.ru/d/kronos60x120_kronos_sand_60x120_8433019294443_4.jpg, https://apextile.ru/d/kronos60x120_kronos_sand_60x120_8433019294443_3.jpg, https://apextile.ru/d/kronos60x120_kronos_sand_60x120_8433019294443_2.jpg";0;;УТ000000664;"Каталог,Испания,Размеры,Страна,Baldocer,Kronos,60x120";;0;2667237909;;0;"Фабрика: Baldocer
Коллекция:	Kronos
Название: Kronos Sand Natural
Размер: 60x120 см
Страна производитель	 Испания
Применение	пол, стены
Поверхность	матовая
В коробке	1.44 м / 2 шт / ~29.8 кг
Материал	керамогранит
Ректифицированная	да";;207.36;0;0;;0;kg;"0,0,0";1;0;0;5850.00;0.00;0.00;0.00;RUB;0;;;;;magazin/product/2667237909;;91792709;;;;;"0,,0";0.00;a2c6fa89-a26f-11ef-81d9-74563ca8c264;a2c6fa89-a26f-11ef-81d9-74563ca8c264;;;;;;;;;;;;;;;;;"60x120 Kronos Silver гранит керамический";;;"https://apextile.ru/d/60x120_kronos_silve.jpg, https://apextile.ru/d/kronos60x120_kronos_silver_60x120_8433019294429_16.jpg, https://apextile.ru/d/kronos60x120_kronos_silver_60x120_8433019294429_15.jpg, https://apextile.ru/d/kronos60x120_kronos_silver_60x120_8433019294429_14.jpg, https://apextile.ru/d/kronos60x120_kronos_silver_60x120_8433019294429_13.jpg, https://apextile.ru/d/kronos60x120_kronos_silver_60x120_8433019294429_12.jpg, https://apextile.ru/d/kronos60x120_kronos_silver_60x120_8433019294429_11.jpg, https://apextile.ru/d/kronos60x120_kronos_silver_60x120_8433019294429_10.jpg, https://apextile.ru/d/kronos60x120_kronos_silver_60x120_8433019294429_9.jpg, https://apextile.ru/d/kronos60x120_kronos_silver_60x120_8433019294429_8.jpg, https://apextile.ru/d/kronos60x120_kronos_silver_60x120_8433019294429_7.jpg, https://apextile.ru/d/kronos60x120_kronos_silver_60x120_8433019294429_6.jpg, https://apextile.ru/d/kronos60x120_kronos_silver_60x120_8433019294429_5.jpg, https://apextile.ru/d/kronos60x120_kronos_silver_60x120_8433019294429_4.jpg, https://apextile.ru/d/kronos60x120_kronos_silver_60x120_8433019294429_3.jpg, https://apextile.ru/d/kronos60x120_kronos_silver_60x120_8433019294429_2.jpg";0;;УТ000000665;"Baldocer,Kronos,60x120,Каталог,Испания,Размеры,Страна";;0;2667238109;;0;"Фабрика: Baldocer
Коллекция:	Kronos
Название: Kronos Sand Natural
Размер	60x120 см
Страна производитель	 Испания
Применение	пол, стены
Поверхность	матовая
В коробке	1.44 м / 2 шт / ~29.8 кг
Материал	керамогранит
Ректифицированная	да";;179.28;0;0;;0;kg;"0,0,0";1;0;0;5850.00;0.00;0.00;0.00;RUB;0;;;;;magazin/product/2667238109;;91792709;;;;;"0,,0";0.00;a2c6fa8f-a26f-11ef-81d9-74563ca8c264;a2c6fa8f-a26f-11ef-81d9-74563ca8c264;;;;;;;;;;;;;;;;;"60x120 Kronos taupe";Baldocer;Испания;"https://apextile.ru/d/60x120_kronos_taupe.jpg, https://apextile.ru/d/kronos.jpg, https://apextile.ru/d/ct9670bi27506_kronos60x120_kronos_sz1.jpg, https://apextile.ru/d/kronos60x120_kronos_taupe_60x120_8433019294436_16.jpg, https://apextile.ru/d/kronos60x120_kronos_taupe_60x120_8433019294436_15.jpg, https://apextile.ru/d/kronos60x120_kronos_taupe_60x120_8433019294436_14.jpg, https://apextile.ru/d/kronos60x120_kronos_taupe_60x120_8433019294436_13.jpg, https://apextile.ru/d/kronos60x120_kronos_taupe_60x120_8433019294436_12.jpg, https://apextile.ru/d/kronos60x120_kronos_taupe_60x120_8433019294436_11.jpg, https://apextile.ru/d/kronos60x120_kronos_taupe_60x120_8433019294436_10.jpg, https://apextile.ru/d/kronos60x120_kronos_taupe_60x120_8433019294436_9.jpg, https://apextile.ru/d/kronos60x120_kronos_taupe_60x120_8433019294436_8.jpg, https://apextile.ru/d/kronos60x120_kronos_taupe_60x120_8433019294436_7.jpg, https://apextile.ru/d/kronos60x120_kronos_taupe_60x120_8433019294436_6.jpg, https://apextile.ru/d/kronos60x120_kronos_taupe_60x120_8433019294436_5.jpg, https://apextile.ru/d/kronos60x120_kronos_taupe_60x120_8433019294436_4.jpg, https://apextile.ru/d/kronos60x120_kronos_taupe_60x120_8433019294436_3.jpg";0;;УТ000000675;"Kronos,Baldocer,Каталог";;0;2667238509;;0;"Фабрика: Baldocer
Коллекция:	Kronos
Название:	Kronos Taupe Natural
Размер:	60x120 см
Страна производитель:	 Испания
Применение: пол, стены
Поверхность:	матовая
В коробке	1.44 м / 2 шт / ~29.8 кг
Материал	керамогранит
Ректифицированная : да";;174.24;0;0;;0;kg;"0,0,0";1;0;0;5850.00;0.00;0.00;0.00;RUB;0;;;;;magazin/product/2667238509;91792509;91792709,91792909;;;;;"0,,0";0.00;312871fb-d1aa-11ef-81d9-74563ca8c264;312871fb-d1aa-11ef-81d9-74563ca8c264;;;;;;;;;;;;;;;;;"60x120 Kronos taupe";Baldocer;Испания;;0;;;"Kronos,Baldocer,Каталог";;1;3454723309;*;0;"Фабрика: Baldocer
Коллекция:	Kronos
Название:	Kronos Taupe Natural
Размер:	60x120 см
Страна производитель:	 Испания
Применение: пол, стены
Поверхность:	матовая
В коробке	1.44 м / 2 шт / ~29.8 кг
Материал	керамогранит
Ректифицированная : да";;0.00;0;0;;0;kg;"0,0,0";1;0;0;0.00;0.00;0.00;0.00;RUB;1;;;;;magazin/product/60x120-kronos-taupe;91792509;91792709,91792909;;;;;;0.00;;;;;;;;;;;;;;;;;;;"60x120 Orion  bone";Baldocer;Испания;"https://apextile.ru/d/60x120_orion_bone.jpg, https://apextile.ru/d/orion.jpg, https://apextile.ru/d/orion60x120_orion_bone_60x120_8433019293644_16.jpg, https://apextile.ru/d/orion60x120_orion_bone_60x120_8433019293644_15.jpg, https://apextile.ru/d/orion60x120_orion_bone_60x120_8433019293644_14.jpg, https://apextile.ru/d/orion60x120_orion_bone_60x120_8433019293644_13.jpg, https://apextile.ru/d/orion60x120_orion_bone_60x120_8433019293644_12.jpg, https://apextile.ru/d/orion60x120_orion_bone_60x120_8433019293644_11.jpg, https://apextile.ru/d/orion60x120_orion_bone_60x120_8433019293644_10.jpg, https://apextile.ru/d/orion60x120_orion_bone_60x120_8433019293644_9.jpg, https://apextile.ru/d/orion60x120_orion_bone_60x120_8433019293644_8.jpg, https://apextile.ru/d/orion60x120_orion_bone_60x120_8433019293644_7.jpg, https://apextile.ru/d/orion60x120_orion_bone_60x120_8433019293644_6.jpg, https://apextile.ru/d/orion60x120_orion_bone_60x120_8433019293644_5.jpg, https://apextile.ru/d/orion60x120_orion_bone_60x120_8433019293644_4.jpg, https://apextile.ru/d/orion60x120_orion_bone_60x120_8433019293644_3.jpg, https://apextile.ru/d/orion60x120_orion_bone_60x120_8433019293644_2.jpg";0;;УТ000000677;"Baldocer,Каталог,Orion";;0;2667238709;;0;"Фабрика: Baldocer
Коллекция:	Orion
Название:	Orion Bone 
Размер:	60x120 см
Страна производитель:	 Испания
Применение: пол, стены
Поверхность:	матовая
В коробке	1.44 м / 2 шт / ~29.8 кг
Материал	керамогранит
Ректифицированная : да";;174.24;0;0;;0;kg;"0,0,0";1;0;0;5850.00;0.00;0.00;0.00;RUB;0;;;;;magazin/product/2667238709;;92052309;;;;;"0,,0";0.00;31287202-d1aa-11ef-81d9-74563ca8c264;31287202-d1aa-11ef-81d9-74563ca8c264;;;;;;;;;;;;;;;;;"60x120 Orion beige";;;"https://apextile.ru/d/60x120_orion_beige.jpg, https://apextile.ru/d/orion60x120_orion_beige_60x120_8433019293637_16.jpg, https://apextile.ru/d/orion60x120_orion_beige_60x120_8433019293637_15.jpg, https://apextile.ru/d/orion60x120_orion_beige_60x120_8433019293637_14.jpg, https://apextile.ru/d/orion60x120_orion_beige_60x120_8433019293637_13.jpg, https://apextile.ru/d/orion60x120_orion_beige_60x120_8433019293637_12.jpg, https://apextile.ru/d/orion60x120_orion_beige_60x120_8433019293637_11.jpg, https://apextile.ru/d/orion60x120_orion_beige_60x120_8433019293637_10.jpg, https://apextile.ru/d/orion60x120_orion_beige_60x120_8433019293637_9.jpg, https://apextile.ru/d/orion60x120_orion_beige_60x120_8433019293637_8.jpg, https://apextile.ru/d/orion60x120_orion_beige_60x120_8433019293637_7.jpg, https://apextile.ru/d/orion60x120_orion_beige_60x120_8433019293637_6.jpg, https://apextile.ru/d/orion60x120_orion_beige_60x120_8433019293637_5.jpg, https://apextile.ru/d/orion60x120_orion_beige_60x120_8433019293637_4.jpg, https://apextile.ru/d/orion60x120_orion_beige_60x120_8433019293637_3.jpg, https://apextile.ru/d/orion60x120_orion_beige_60x120_8433019293637_2.jpg";0;;УТ000000678;"Baldocer,Каталог,Orion";;0;2667238909;;0;"Фабрика: Baldocer
Коллекция:	Orion
Название:	Orion Beige
Размер:	60x120 см
Страна производитель:	 Испания
Применение: пол, стены
Поверхность:	матовая
В коробке	1.44 м / 2 шт / ~29.8 кг
Материал	керамогранит
Ректифицированная : да";;178.56;0;0;;0;kg;"0,0,0";1;0;0;5850.00;0.00;0.00;0.00;RUB;0;;;;;magazin/product/2667238909;;92052309;;;;;"0,,0";0.00;31287204-d1aa-11ef-81d9-74563ca8c264;31287204-d1aa-11ef-81d9-74563ca8c264;;;;;;;;;;;;;;;;;"60x120 Orion grey";;;"https://apextile.ru/d/60x120_orion_grey.jpg, https://apextile.ru/d/orion60x120_orion_grey_60x120_8433019293651_16.jpg, https://apextile.ru/d/orion60x120_orion_grey_60x120_8433019293651_15.jpg, https://apextile.ru/d/orion60x120_orion_grey_60x120_8433019293651_14.jpg, https://apextile.ru/d/orion60x120_orion_grey_60x120_8433019293651_13.jpg, https://apextile.ru/d/orion60x120_orion_grey_60x120_8433019293651_12.jpg, https://apextile.ru/d/orion60x120_orion_grey_60x120_8433019293651_11.jpg, https://apextile.ru/d/orion60x120_orion_grey_60x120_8433019293651_10.jpg, https://apextile.ru/d/orion60x120_orion_grey_60x120_8433019293651_9.jpg, https://apextile.ru/d/orion60x120_orion_grey_60x120_8433019293651_8.jpg, https://apextile.ru/d/orion60x120_orion_grey_60x120_8433019293651_7.jpg, https://apextile.ru/d/orion60x120_orion_grey_60x120_8433019293651_6.jpg, https://apextile.ru/d/orion60x120_orion_grey_60x120_8433019293651_5.jpg, https://apextile.ru/d/orion60x120_orion_grey_60x120_8433019293651_4.jpg, https://apextile.ru/d/orion60x120_orion_grey_60x120_8433019293651_3.jpg, https://apextile.ru/d/orion60x120_orion_grey_60x120_8433019293651_2.jpg";0;;УТ000000679;"Baldocer,Каталог,Orion";;0;2667239109;;0;"Фабрика: Baldocer
Коллекция:	Orion
Название:	Orion Grey
Размер:	60x120 см
Страна производитель:	 Испания
Применение: пол, стены
Поверхность:	матовая
В коробке	1.44 м / 2 шт / ~29.8 кг
Материал	керамогранит
Ректифицированная : да";;231.84;0;0;;0;kg;"0,0,0";1;0;0;5850.00;0.00;0.00;0.00;RUB;0;;;;;magazin/product/2667239109;;92052309;;;;;"0,,0";0.00;3128720c-d1aa-11ef-81d9-74563ca8c264;3128720c-d1aa-11ef-81d9-74563ca8c264;;;;;;;;;;;;;;;;;"120x280 Mineral stone natural";;;https://apextile.ru/d/120x280_mineral_stone_natural.jpg;0;;УТ000000681;"B-PLUS,Крупноформатный керамогранит,BALDOCER,Плитка Испания";;0;2667239309;;0;;;131.04;0;0;;0;kg;"0,0,0";1;0;0;0.00;0.00;0.00;0.00;RUB;0;;;;;magazin/product/2667239309;;;;;;;"0,,0";0.00;31287212-d1aa-11ef-81d9-74563ca8c264;31287212-d1aa-11ef-81d9-74563ca8c264;;;;;;;;;;;;;;;;;"120x260 Titanium Black pulido Гранит керамический";;;;0;;УТ000000437;;;0;2667239509;;0;;;0.00;0;0;;0;kg;"0,0,0";0;0;0;0.00;0.00;0.00;0.00;RUB;;;;;;magazin/product/2667239509;;;;;;;;0.00;a9bab9aa-af94-11ee-8d5a-d85ed3a7d9b0;a9bab9aa-af94-11ee-8d5a-d85ed3a7d9b0;;;Товар;Керамогранит;"120x260 Titanium Black pulido Гранит керамический";;;;;;;;;;;;"120x260 Stripes Vermont Walnut Гранит керамический";;;;0;;УТ000000479;;;0;2667239709;;0;;;0.00;0;0;;0;kg;"0,0,0";0;0;0;0.00;0.00;0.00;0.00;RUB;;;;;;magazin/product/2667239709;;;;;;;;0.00;301bb8ce-d46b-11ee-8d5b-d85ed3a7d9b0;301bb8ce-d46b-11ee-8d5b-d85ed3a7d9b0;;;Товар;Керамогранит;"120x260 Stripes Vermont Walnut Гранит керамический";;;;;;;;;;;;"120x260 Dome Nut Гранит керамический";;;https://apextile.ru/d/120x260_dome_nut.jpg;0;;УТ000000484;"BALDOCER,Плитка Испания, B-PLUS,Крупноформатный керамогранит";;0;2667239909;;0;;;0.00;0;0;;0;kg;"0,0,0";0;0;0;0.00;0.00;0.00;0.00;RUB;0;;;;;magazin/product/2667239909;;;;;;;"0,,0";0.00;301bb8e8-d46b-11ee-8d5b-d85ed3a7d9b0;301bb8e8-d46b-11ee-8d5b-d85ed3a7d9b0;;;;;;;;;;;;;;;;;"120x260 Venice Beige Natural Гранит керамический";;;https://apextile.ru/d/120x260_venice_beige_natura.jpg;0;;УТ000000490;"B-PLUS,Крупноформатный керамогранит,BALDOCER,Плитка Испания";;0;2667240109;;0;;;0.00;0;0;;0;kg;"0,0,0";0;0;0;0.00;0.00;0.00;0.00;RUB;0;;;;;magazin/product/2667240109;;;;;;;"0,,0";0.00;353712b3-dada-11ee-8d5c-d85ed3a7d9b0;353712b3-dada-11ee-8d5c-d85ed3a7d9b0;;;;;;;;;;;;;;;;;"120x260 Venice Grigio Natural Гранит керамический";;;https://apextile.ru/d/120x260_venice_grigio_natural.jpg;0;;УТ000000497;"BALDOCER,Плитка Испания, B-PLUS,Крупноформатный керамогранит";;0;2667240309;;0;;;0.00;0;0;;0;kg;"0,0,0";0;0;0;0.00;0.00;0.00;0.00;RUB;0;;;;;magazin/product/2667240309;;;;;;;"0,,0";0.00;353712c8-dada-11ee-8d5c-d85ed3a7d9b0;353712c8-dada-11ee-8d5c-d85ed3a7d9b0;;;;;;;;;;;;;;;;;"120x260 Volcano Nero Гранит керамический";;;https://apextile.ru/d/120x260_volcano_nero.jpg;0;;УТ000000501;"B-PLUS,Крупноформатный керамогранит,BALDOCER,Плитка Испания";;0;2667240509;;0;;;0.00;0;0;;0;kg;"0,0,0";0;0;0;0.00;0.00;0.00;0.00;RUB;0;;;;;magazin/product/2667240509;;;;;;;"0,,0";0.00;353712d0-dada-11ee-8d5c-d85ed3a7d9b0;353712d0-dada-11ee-8d5c-d85ed3a7d9b0;;;;;;;;;;;;;;;;;"120x260 Volcano Avorio Гранит керамический";;;https://apextile.ru/d/120x260_volcano_avorio.jpg;0;;УТ000000502;"BALDOCER,Плитка Испания, B-PLUS,Крупноформатный керамогранит";;0;2667240709;;0;;;0.00;0;0;;0;kg;"0,0,0";0;0;0;0.00;0.00;0.00;0.00;RUB;0;;;;;magazin/product/2667240709;;;;;;;"0,,0";0.00;353712d2-dada-11ee-8d5c-d85ed3a7d9b0;353712d2-dada-11ee-8d5c-d85ed3a7d9b0;;;;;;;;;;;;;;;;;"120x260 Venice Miele Natural Гранит керамический";;;https://apextile.ru/d/120x260_venice_miele_natural.jpg;0;;УТ000000503;"B-PLUS,Крупноформатный керамогранит,BALDOCER,Плитка Испания";;0;2667241109;;0;;;0.00;0;0;;0;kg;"0,0,0";0;0;0;0.00;0.00;0.00;0.00;RUB;0;;;;;magazin/product/2667241109;;;;;;;"0,,0";0.00;353712d4-dada-11ee-8d5c-d85ed3a7d9b0;353712d4-dada-11ee-8d5c-d85ed3a7d9b0;;;;;;;;;;;;;;;;;"120x260 Dome Ash Гранит керамический";;;;0;;УТ000000488;;;0;2667241309;;0;;;0.00;0;0;;0;kg;"0,0,0";0;0;0;0.00;0.00;0.00;0.00;RUB;;;;;;;;;;;;;;0.00;0c9242a7-db78-11ee-8d5c-d85ed3a7d9b0;0c9242a7-db78-11ee-8d5c-d85ed3a7d9b0;;;Товар;"Керамическая плитка";"120x260 Dome Ash Гранит керамический";;;;;;;;;;;;"120x260 Dome Antracite Гранит керамический";;;;0;;УТ000000602;;;0;2667241509;;0;;;0.00;0;0;;0;kg;"0,0,0";0;0;0;0.00;0.00;0.00;0.00;RUB;;;;;;;;;;;;;;0.00;f28818b9-216f-11ef-8d5c-d85ed3a7d9b0;f28818b9-216f-11ef-8d5c-d85ed3a7d9b0;;;Товар;"Керамическая плитка";"120x260 Dome Antracite Гранит керамический";;;;;;;;;;;;"120x260 Onyx Bleu Pulido rect. Гранит керамический";;;;0;;УТ000000454;;;0;2667241709;;0;;;0.00;0;0;;0;kg;"0,0,0";0;0;0;0.00;0.00;0.00;0.00;RUB;;;;;;magazin/product/2667241709;;;;;;;;0.00;d46cd35d-be6e-11ee-8d5b-d85ed3a7d9b0;d46cd35d-be6e-11ee-8d5b-d85ed3a7d9b0;;;Товар;Керамогранит;"120x260 Onyx Bleu Pulido rect. Гранит керамический";;;;;;;;;;;;